{"strategy":{"SimpleRSI":{"trades":[{"pair":"BTC/USDT","stake_amount":99.548163,"max_stake_amount":99.548163,"amount":0.0009,"open_date":"2025-09-06 15:45:00+00:00","close_date":"2025-09-07 01:10:00+00:00","open_rate":110609.07,"close_rate":110415.73,"fee_open":0.001,"fee_close":0.001,"trade_duration":565,"profit_ratio":-0.0037424674952139924,"profit_abs":-0.37292832,"exit_reason":"exit_signal","initial_stop_loss_abs":109502.9793,"initial_stop_loss_ratio":-0.01,"stop_loss_abs":109502.9793,"stop_loss_ratio":-0.01,"min_rate":109977.0,"max_rate":110609.07,"is_open":false,"enter_tag":"","leverage":1.0,"is_short":false,"open_timestamp":1757173500000,"close_timestamp":1757207400000,"orders":[{"amount":0.0009,"safe_price":110609.07,"ft_order_side":"buy","order_filled_timestamp":1757173500000,"ft_is_entry":true,"ft_order_tag":"","cost":99.647711163},{"amount":0.0009,"safe_price":110415.73,"ft_order_side":"sell","order_filled_timestamp":1757207400000,"ft_is_entry":false,"ft_order_tag":"exit_signal","cost":99.47353115699998}],"funding_fees":0.0},{"pair":"BTC/USDT","stake_amount":99.864009,"max_stake_amount":99.864009,"amount":0.0009,"open_date":"2025-09-07 17:20:00+00:00","close_date":"2025-09-08 07:20:00+00:00","open_rate":110960.01,"close_rate":111375.18,"fee_open":0.001,"fee_close":0.001,"trade_duration":840,"profit_ratio":0.00173614051532772,"profit_abs":0.17355133,"exit_reason":"exit_signal","initial_stop_loss_abs":109850.4099,"initial_stop_loss_ratio":-0.01,"stop_loss_abs":109850.4099,"stop_loss_ratio":-0.01,"min_rate":110621.78,"max_rate":111600.0,"is_open":false,"enter_tag":"","leverage":1.0,"is_short":false,"open_timestamp":1757265600000,"close_timestamp":1757316000000,"orders":[{"amount":0.0009,"safe_price":110960.01,"ft_order_side":"buy","order_filled_timestamp":1757265600000,"ft_is_entry":true,"ft_order_tag":"","cost":99.96387300899998},{"amount":0.0009,"safe_price":111375.18,"ft_order_side":"sell","order_filled_timestamp":1757316000000,"ft_is_entry":false,"ft_order_tag":"exit_signal","cost":100.33789966199997}],"funding_fees":0.0},{"pair":"BTC/USDT","stake_amount":99.4015902,"max_stake_amount":99.4015902,"amount":0.00089,"open_date":"2025-09-09 00:25:00+00:00","close_date":"2025-09-09 04:20:00+00:00","open_rate":111687.18,"close_rate":111954.0,"fee_open":0.001,"fee_close":0.001,"trade_duration":235,"profit_ratio":0.00038621876333683886,"profit_abs":0.03842915,"exit_reason":"exit_signal","initial_stop_loss_abs":110570.30819999998,"initial_stop_loss_ratio":-0.01,"stop_loss_abs":110570.30819999998,"stop_loss_ratio":-0.01,"min_rate":111111.0,"max_rate":112110.99,"is_open":false,"enter_tag":"","leverage":1.0,"is_short":false,"open_timestamp":1757377500000,"close_timestamp":1757391600000,"orders":[{"amount":0.00089,"safe_price":111687.18,"ft_order_side":"buy","order_filled_timestamp":1757377500000,"ft_is_entry":true,"ft_order_tag":"","cost":99.50099179019998},{"amount":0.00089,"safe_price":111954.0,"ft_order_side":"sell","order_filled_timestamp":1757391600000,"ft_is_entry":false,"ft_order_tag":"exit_signal","cost":99.73869905999999}],"funding_fees":0.0},{"pair":"BTC/USDT","stake_amount":98.9415592,"max_stake_amount":98.9415592,"amount":0.00088,"open_date":"2025-09-09 12:00:00+00:00","close_date":"2025-09-09 15:10:00+00:00","open_rate":112433.59,"close_rate":111309.25409999999,"fee_open":0.001,"fee_close":0.001,"trade_duration":190,"profit_ratio":-0.011978021929476182,"profit_abs":-1.18630929,"exit_reason":"stop_loss","initial_stop_loss_abs":111309.25409999999,"initial_stop_loss_ratio":-0.01,"stop_loss_abs":111309.25409999999,"stop_loss_ratio":-0.01,"min_rate":111300.0,"max_rate":112950.0,"is_open":false,"enter_tag":"","leverage":1.0,"is_short":false,"open_timestamp":1757419200000,"close_timestamp":1757430600000,"orders":[{"amount":0.00088,"safe_price":112433.59,"ft_order_side":"buy","order_filled_timestamp":1757419200000,"ft_is_entry":true,"ft_order_tag":"","cost":99.04050075919999},{"amount":0.00088,"safe_price":111309.25409999999,"ft_order_side":"sell","order_filled_timestamp":1757430600000,"ft_is_entry":false,"ft_order_tag":"stop_loss","cost":98.05009575160798}],"funding_fees":0.0},{"pair":"BTC/USDT","stake_amount":99.0392,"max_stake_amount":99.0392,"amount":0.00089,"open_date":"2025-09-09 15:35:00+00:00","close_date":"2025-09-10 07:30:00+00:00","open_rate":111280.0,"close_rate":112232.16,"fee_open":0.001,"fee_close":0.001,"trade_duration":955,"profit_ratio":0.00654133647352494,"profit_abs":0.64849658,"exit_reason":"exit_signal","initial_stop_loss_abs":110167.2,"initial_stop_loss_ratio":-0.01,"stop_loss_abs":110167.2,"stop_loss_ratio":-0.01,"min_rate":110766.66,"max_rate":112295.96,"is_open":false,"enter_tag":"","leverage":1.0,"is_short":false,"open_timestamp":1757432100000,"close_timestamp":1757489400000,"orders":[{"amount":0.00089,"safe_price":111280.0,"ft_order_side":"buy","order_filled_timestamp":1757432100000,"ft_is_entry":true,"ft_order_tag":"","cost":99.13823919999999},{"amount":0.00089,"safe_price":112232.16,"ft_order_side":"sell","order_filled_timestamp":1757489400000,"ft_is_entry":false,"ft_order_tag":"exit_signal","cost":99.98650902239999}],"funding_fees":0.0},{"pair":"BTC/USDT","stake_amount":98.9516258,"max_stake_amount":98.9516258,"amount":0.00086,"open_date":"2025-09-12 08:05:00+00:00","close_date":"2025-09-12 17:20:00+00:00","open_rate":115060.03,"close_rate":115669.1,"fee_open":0.001,"fee_close":0.001,"trade_duration":555,"profit_ratio":0.003284919265046597,"profit_abs":0.32537315,"exit_reason":"exit_signal","initial_stop_loss_abs":113909.4297,"initial_stop_loss_ratio":-0.01,"stop_loss_abs":113909.4297,"stop_loss_ratio":-0.01,"min_rate":114740.99,"max_rate":115938.66,"is_open":false,"enter_tag":"","leverage":1.0,"is_short":false,"open_timestamp":1757664300000,"close_timestamp":1757697600000,"orders":[{"amount":0.00086,"safe_price":115060.03,"ft_order_side":"buy","order_filled_timestamp":1757664300000,"ft_is_entry":true,"ft_order_tag":"","cost":99.05057742579999},{"amount":0.00086,"safe_price":115669.1,"ft_order_side":"sell","order_filled_timestamp":1757697600000,"ft_is_entry":false,"ft_order_tag":"exit_signal","cost":99.57490142599998}],"funding_fees":0.0},{"pair":"BTC/USDT","stake_amount":99.5123114,"max_stake_amount":99.5123114,"amount":0.00086,"open_date":"2025-09-13 01:55:00+00:00","close_date":"2025-09-13 08:40:00+00:00","open_rate":115711.99,"close_rate":115975.17,"fee_open":0.001,"fee_close":0.001,"trade_duration":405,"profit_ratio":0.0002718938273680096,"profit_abs":0.02708384,"exit_reason":"exit_signal","initial_stop_loss_abs":114554.8701,"initial_stop_loss_ratio":-0.01,"stop_loss_abs":114554.8701,"stop_loss_ratio":-0.01,"min_rate":115657.81,"max_rate":116056.17,"is_open":false,"enter_tag":"","leverage":1.0,"is_short":false,"open_timestamp":1757728500000,"close_timestamp":1757752800000,"orders":[{"amount":0.00086,"safe_price":115711.99,"ft_order_side":"buy","order_filled_timestamp":1757728500000,"ft_is_entry":true,"ft_order_tag":"","cost":99.61182371139999},{"amount":0.00086,"safe_price":115975.17,"ft_order_side":"sell","order_filled_timestamp":1757752800000,"ft_is_entry":false,"ft_order_tag":"exit_signal","cost":99.83838484619999}],"funding_fees":0.0},{"pair":"BTC/USDT","stake_amount":99.5280064,"max_stake_amount":99.5280064,"amount":0.00086,"open_date":"2025-09-13 13:55:00+00:00","close_date":"2025-09-13 20:05:00+00:00","open_rate":115730.24,"close_rate":115914.81,"fee_open":0.001,"fee_close":0.001,"trade_duration":370,"profit_ratio":-0.0004063589472650776,"profit_abs":-0.04048454,"exit_reason":"exit_signal","initial_stop_loss_abs":114572.9376,"initial_stop_loss_ratio":-0.01,"stop_loss_abs":114572.9376,"stop_loss_ratio":-0.01,"min_rate":115127.27,"max_rate":115991.29,"is_open":false,"enter_tag":"","leverage":1.0,"is_short":false,"open_timestamp":1757771700000,"close_timestamp":1757793900000,"orders":[{"amount":0.00086,"safe_price":115730.24,"ft_order_side":"buy","order_filled_timestamp":1757771700000,"ft_is_entry":true,"ft_order_tag":"","cost":99.62753440639999},{"amount":0.00086,"safe_price":115914.81,"ft_order_side":"sell","order_filled_timestamp":1757793900000,"ft_is_entry":false,"ft_order_tag":"exit_signal","cost":99.78642333659998}],"funding_fees":0.0},{"pair":"BTC/USDT","stake_amount":99.333913,"max_stake_amount":99.333913,"amount":0.00086,"open_date":"2025-09-14 04:20:00+00:00","close_date":"2025-09-14 08:35:00+00:00","open_rate":115504.55,"close_rate":115934.62,"fee_open":0.001,"fee_close":0.001,"trade_duration":255,"profit_ratio":0.0017179617009737463,"profit_abs":0.17082251,"exit_reason":"exit_signal","initial_stop_loss_abs":114349.5045,"initial_stop_loss_ratio":-0.01,"stop_loss_abs":114349.5045,"stop_loss_ratio":-0.01,"min_rate":115500.0,"max_rate":115936.17,"is_open":false,"enter_tag":"","leverage":1.0,"is_short":false,"open_timestamp":1757823600000,"close_timestamp":1757838900000,"orders":[{"amount":0.00086,"safe_price":115504.55,"ft_order_side":"buy","order_filled_timestamp":1757823600000,"ft_is_entry":true,"ft_order_tag":"","cost":99.43324691299999},{"amount":0.00086,"safe_price":115934.62,"ft_order_side":"sell","order_filled_timestamp":1757838900000,"ft_is_entry":false,"ft_order_tag":"exit_signal","cost":99.80347697319999}],"funding_fees":0.0},{"pair":"BTC/USDT","stake_amount":99.3399244,"max_stake_amount":99.3399244,"amount":0.00086,"open_date":"2025-09-14 13:25:00+00:00","close_date":"2025-09-14 20:15:00+00:00","open_rate":115511.54,"close_rate":115758.93,"fee_open":0.001,"fee_close":0.001,"trade_duration":410,"profit_ratio":0.0001394097200354931,"profit_abs":0.0138628,"exit_reason":"exit_signal","initial_stop_loss_abs":114356.4246,"initial_stop_loss_ratio":-0.01,"stop_loss_abs":114356.4246,"stop_loss_ratio":-0.01,"min_rate":115141.8,"max_rate":115775.35,"is_open":false,"enter_tag":"","leverage":1.0,"is_short":false,"open_timestamp":1757856300000,"close_timestamp":1757880900000,"orders":[{"amount":0.00086,"safe_price":115511.54,"ft_order_side":"buy","order_filled_timestamp":1757856300000,"ft_is_entry":true,"ft_order_tag":"","cost":99.43926432439997},{"amount":0.00086,"safe_price":115758.93,"ft_order_side":"sell","order_filled_timestamp":1757880900000,"ft_is_entry":false,"ft_order_tag":"exit_signal","cost":99.65223247979998}],"funding_fees":0.0},{"pair":"BTC/USDT","stake_amount":99.2330178,"max_stake_amount":99.2330178,"amount":0.00086,"open_date":"2025-09-14 23:30:00+00:00","close_date":"2025-09-15 04:25:00+00:00","open_rate":115387.23,"close_rate":115930.59,"fee_open":0.001,"fee_close":0.001,"trade_duration":295,"profit_ratio":0.0027016026294645434,"profit_abs":0.26835627,"exit_reason":"exit_signal","initial_stop_loss_abs":114233.3577,"initial_stop_loss_ratio":-0.01,"stop_loss_abs":114233.3577,"stop_loss_ratio":-0.01,"min_rate":114825.0,"max_rate":116168.26,"is_open":false,"enter_tag":"","leverage":1.0,"is_short":false,"open_timestamp":1757892600000,"close_timestamp":1757910300000,"orders":[{"amount":0.00086,"safe_price":115387.23,"ft_order_side":"buy","order_filled_timestamp":1757892600000,"ft_is_entry":true,"ft_order_tag":"","cost":99.33225081779999},{"amount":0.00086,"safe_price":115930.59,"ft_order_side":"sell","order_filled_timestamp":1757910300000,"ft_is_entry":false,"ft_order_tag":"exit_signal","cost":99.80000770739998}],"funding_fees":0.0},{"pair":"BTC/USDT","stake_amount":99.3042086,"max_stake_amount":99.3042086,"amount":0.00086,"open_date":"2025-09-15 08:05:00+00:00","close_date":"2025-09-15 19:05:00+00:00","open_rate":115470.01,"close_rate":115402.99,"fee_open":0.001,"fee_close":0.001,"trade_duration":660,"profit_ratio":-0.0025772527827390384,"profit_abs":-0.25618798,"exit_reason":"exit_signal","initial_stop_loss_abs":114315.3099,"initial_stop_loss_ratio":-0.01,"stop_loss_abs":114315.3099,"stop_loss_ratio":-0.01,"min_rate":114384.0,"max_rate":115800.0,"is_open":false,"enter_tag":"","leverage":1.0,"is_short":false,"open_timestamp":1757923500000,"close_timestamp":1757963100000,"orders":[{"amount":0.00086,"safe_price":115470.01,"ft_order_side":"buy","order_filled_timestamp":1757923500000,"ft_is_entry":true,"ft_order_tag":"","cost":99.40351280859998},{"amount":0.00086,"safe_price":115402.99,"ft_order_side":"sell","order_filled_timestamp":1757963100000,"ft_is_entry":false,"ft_order_tag":"exit_signal","cost":99.3458179714}],"funding_fees":0.0},{"pair":"BTC/USDT","stake_amount":99.1407226,"max_stake_amount":99.1407226,"amount":0.00086,"open_date":"2025-09-16 11:05:00+00:00","close_date":"2025-09-16 16:00:00+00:00","open_rate":115279.91,"close_rate":115905.88,"fee_open":0.001,"fee_close":0.001,"trade_duration":295,"profit_ratio":0.003421149612997119,"profit_abs":0.33951442,"exit_reason":"exit_signal","initial_stop_loss_abs":114127.1109,"initial_stop_loss_ratio":-0.01,"stop_loss_abs":114127.1109,"stop_loss_ratio":-0.01,"min_rate":114737.11,"max_rate":116000.0,"is_open":false,"enter_tag":"","leverage":1.0,"is_short":false,"open_timestamp":1758020700000,"close_timestamp":1758038400000,"orders":[{"amount":0.00086,"safe_price":115279.91,"ft_order_side":"buy","order_filled_timestamp":1758020700000,"ft_is_entry":true,"ft_order_tag":"","cost":99.23986332259999},{"amount":0.00086,"safe_price":115905.88,"ft_order_side":"sell","order_filled_timestamp":1758038400000,"ft_is_entry":false,"ft_order_tag":"exit_signal","cost":99.77873585679998}],"funding_fees":0.0},{"pair":"BTC/USDT","stake_amount":99.9930084,"max_stake_amount":99.9930084,"amount":0.00086,"open_date":"2025-09-17 04:35:00+00:00","close_date":"2025-09-17 05:50:00+00:00","open_rate":116270.94,"close_rate":116843.01,"fee_open":0.001,"fee_close":0.001,"trade_duration":75,"profit_ratio":0.002912313507421075,"profit_abs":0.2915022,"exit_reason":"exit_signal","initial_stop_loss_abs":115108.2306,"initial_stop_loss_ratio":-0.01,"stop_loss_abs":115108.2306,"stop_loss_ratio":-0.01,"min_rate":116160.22,"max_rate":117000.0,"is_open":false,"enter_tag":"","leverage":1.0,"is_short":false,"open_timestamp":1758083700000,"close_timestamp":1758088200000,"orders":[{"amount":0.00086,"safe_price":116270.94,"ft_order_side":"buy","order_filled_timestamp":1758083700000,"ft_is_entry":true,"ft_order_tag":"","cost":100.09300140839999},{"amount":0.00086,"safe_price":116843.01,"ft_order_side":"sell","order_filled_timestamp":1758088200000,"ft_is_entry":false,"ft_order_tag":"exit_signal","cost":100.58547358859998}],"funding_fees":0.0},{"pair":"BTC/USDT","stake_amount":99.0859365,"max_stake_amount":99.0859365,"amount":0.00085,"open_date":"2025-09-17 09:50:00+00:00","close_date":"2025-09-17 16:45:00+00:00","open_rate":116571.69,"close_rate":115405.9731,"fee_open":0.001,"fee_close":0.001,"trade_duration":415,"profit_ratio":-0.011978021991784134,"profit_abs":-1.18804038,"exit_reason":"stop_loss","initial_stop_loss_abs":115405.9731,"initial_stop_loss_ratio":-0.01,"stop_loss_abs":115405.9731,"stop_loss_ratio":-0.01,"min_rate":115386.21,"max_rate":116618.31,"is_open":false,"enter_tag":"","leverage":1.0,"is_short":false,"open_timestamp":1758102600000,"close_timestamp":1758127500000,"orders":[{"amount":0.00085,"safe_price":116571.69,"ft_order_side":"buy","order_filled_timestamp":1758102600000,"ft_is_entry":true,"ft_order_tag":"","cost":99.18502243649999},{"amount":0.00085,"safe_price":115405.9731,"ft_order_side":"sell","order_filled_timestamp":1758127500000,"ft_is_entry":false,"ft_order_tag":"stop_loss","cost":98.19317221213498}],"funding_fees":0.0},{"pair":"BTC/USDT","stake_amount":99.501867,"max_stake_amount":99.501867,"amount":0.00085,"open_date":"2025-09-18 23:00:00+00:00","close_date":"2025-09-19 14:45:00+00:00","open_rate":117061.02,"close_rate":115890.40980000001,"fee_open":0.001,"fee_close":0.001,"trade_duration":945,"profit_ratio":-0.011978022024908882,"profit_abs":-1.19302739,"exit_reason":"stop_loss","initial_stop_loss_abs":115890.40980000001,"initial_stop_loss_ratio":-0.01,"stop_loss_abs":115890.40980000001,"stop_loss_ratio":-0.01,"min_rate":115833.2,"max_rate":117459.99,"is_open":false,"enter_tag":"","leverage":1.0,"is_short":false,"open_timestamp":1758236400000,"close_timestamp":1758293100000,"orders":[{"amount":0.00085,"safe_price":117061.02,"ft_order_side":"buy","order_filled_timestamp":1758236400000,"ft_is_entry":true,"ft_order_tag":"","cost":99.60136886699999},{"amount":0.00085,"safe_price":115890.40980000001,"ft_order_side":"sell","order_filled_timestamp":1758293100000,"ft_is_entry":false,"ft_order_tag":"stop_loss","cost":98.60535517832999}],"funding_fees":0.0},{"pair":"BTC/USDT","stake_amount":99.4592924,"max_stake_amount":99.4592924,"amount":0.00086,"open_date":"2025-09-19 15:05:00+00:00","close_date":"2025-09-20 06:00:00+00:00","open_rate":115650.34,"close_rate":115717.49,"fee_open":0.001,"fee_close":0.001,"trade_duration":895,"profit_ratio":-0.0014185325508734845,"profit_abs":-0.14122733,"exit_reason":"exit_signal","initial_stop_loss_abs":114493.8366,"initial_stop_loss_ratio":-0.01,"stop_loss_abs":114493.8366,"stop_loss_ratio":-0.01,"min_rate":115100.0,"max_rate":116136.0,"is_open":false,"enter_tag":"","leverage":1.0,"is_short":false,"open_timestamp":1758294300000,"close_timestamp":1758348000000,"orders":[{"amount":0.00086,"safe_price":115650.34,"ft_order_side":"buy","order_filled_timestamp":1758294300000,"ft_is_entry":true,"ft_order_tag":"","cost":99.55875169239998},{"amount":0.00086,"safe_price":115717.49,"ft_order_side":"sell","order_filled_timestamp":1758348000000,"ft_is_entry":false,"ft_order_tag":"exit_signal","cost":99.61655844139999}],"funding_fees":0.0},{"pair":"BTC/USDT","stake_amount":99.528402,"max_stake_amount":99.528402,"amount":0.00086,"open_date":"2025-09-20 18:05:00+00:00","close_date":"2025-09-20 21:40:00+00:00","open_rate":115730.7,"close_rate":115927.09,"fee_open":0.001,"fee_close":0.001,"trade_duration":215,"profit_ratio":-0.00030443571273253237,"profit_abs":-0.0303303,"exit_reason":"exit_signal","initial_stop_loss_abs":114573.393,"initial_stop_loss_ratio":-0.01,"stop_loss_abs":114573.393,"stop_loss_ratio":-0.01,"min_rate":115689.91,"max_rate":115944.7,"is_open":false,"enter_tag":"","leverage":1.0,"is_short":false,"open_timestamp":1758391500000,"close_timestamp":1758404400000,"orders":[{"amount":0.00086,"safe_price":115730.7,"ft_order_side":"buy","order_filled_timestamp":1758391500000,"ft_is_entry":true,"ft_order_tag":"","cost":99.62793040199999},{"amount":0.00086,"safe_price":115927.09,"ft_order_side":"sell","order_filled_timestamp":1758404400000,"ft_is_entry":false,"ft_order_tag":"exit_signal","cost":99.79699469739998}],"funding_fees":0.0},{"pair":"BTC/USDT","stake_amount":99.4394694,"max_stake_amount":99.4394694,"amount":0.00086,"open_date":"2025-09-20 23:40:00+00:00","close_date":"2025-09-21 06:05:00+00:00","open_rate":115627.29,"close_rate":115687.43,"fee_open":0.001,"fee_close":0.001,"trade_duration":385,"profit_ratio":-0.001478921777142918,"profit_abs":-0.14721026,"exit_reason":"exit_signal","initial_stop_loss_abs":114471.0171,"initial_stop_loss_ratio":-0.01,"stop_loss_abs":114471.0171,"stop_loss_ratio":-0.01,"min_rate":115441.83,"max_rate":115787.39,"is_open":false,"enter_tag":"","leverage":1.0,"is_short":false,"open_timestamp":1758411600000,"close_timestamp":1758434700000,"orders":[{"amount":0.00086,"safe_price":115627.29,"ft_order_side":"buy","order_filled_timestamp":1758411600000,"ft_is_entry":true,"ft_order_tag":"","cost":99.53890886939998},{"amount":0.00086,"safe_price":115687.43,"ft_order_side":"sell","order_filled_timestamp":1758434700000,"ft_is_entry":false,"ft_order_tag":"exit_signal","cost":99.59068098979998}],"funding_fees":0.0},{"pair":"BTC/USDT","stake_amount":99.301147,"max_stake_amount":99.301147,"amount":0.00086,"open_date":"2025-09-21 09:30:00+00:00","close_date":"2025-09-22 00:50:00+00:00","open_rate":115466.45,"close_rate":114311.7855,"fee_open":0.001,"fee_close":0.001,"trade_duration":920,"profit_ratio":-0.011978021952569374,"profit_abs":-1.19062075,"exit_reason":"stop_loss","initial_stop_loss_abs":114311.7855,"initial_stop_loss_ratio":-0.01,"stop_loss_abs":114311.7855,"stop_loss_ratio":-0.01,"min_rate":114290.16,"max_rate":115747.23,"is_open":false,"enter_tag":"","leverage":1.0,"is_short":false,"open_timestamp":1758447000000,"close_timestamp":1758502200000,"orders":[{"amount":0.00086,"safe_price":115466.45,"ft_order_side":"buy","order_filled_timestamp":1758447000000,"ft_is_entry":true,"ft_order_tag":"","cost":99.40044814699999},{"amount":0.00086,"safe_price":114311.7855,"ft_order_side":"sell","order_filled_timestamp":1758502200000,"ft_is_entry":false,"ft_order_tag":"stop_loss","cost":98.40644366552999}],"funding_fees":0.0},{"pair":"BTC/USDT","stake_amount":99.6469464,"max_stake_amount":99.6469464,"amount":0.00087,"open_date":"2025-09-22 00:55:00+00:00","close_date":"2025-09-22 06:00:00+00:00","open_rate":114536.72,"close_rate":113391.3528,"fee_open":0.001,"fee_close":0.001,"trade_duration":305,"profit_ratio":-0.011978022004729656,"profit_abs":-1.19476689,"exit_reason":"stop_loss","initial_stop_loss_abs":113391.3528,"initial_stop_loss_ratio":-0.01,"stop_loss_abs":113391.3528,"stop_loss_ratio":-0.01,"min_rate":111800.0,"max_rate":114750.0,"is_open":false,"enter_tag":"","leverage":1.0,"is_short":false,"open_timestamp":1758502500000,"close_timestamp":1758520800000,"orders":[{"amount":0.00087,"safe_price":114536.72,"ft_order_side":"buy","order_filled_timestamp":1758502500000,"ft_is_entry":true,"ft_order_tag":"","cost":99.74659334639999},{"amount":0.00087,"safe_price":113391.3528,"ft_order_side":"sell","order_filled_timestamp":1758520800000,"ft_is_entry":false,"ft_order_tag":"stop_loss","cost":98.74912741293598}],"funding_fees":0.0},{"pair":"BTC/USDT","stake_amount":98.9920888,"max_stake_amount":98.9920888,"amount":0.00088,"open_date":"2025-09-22 06:05:00+00:00","close_date":"2025-09-23 05:30:00+00:00","open_rate":112491.01,"close_rate":112777.76,"fee_open":0.001,"fee_close":0.001,"trade_duration":1405,"profit_ratio":0.0005459974754005855,"profit_abs":0.05410348,"exit_reason":"exit_signal","initial_stop_loss_abs":111366.0999,"initial_stop_loss_ratio":-0.01,"stop_loss_abs":111366.0999,"stop_loss_ratio":-0.01,"min_rate":111478.0,"max_rate":113432.76,"is_open":false,"enter_tag":"","leverage":1.0,"is_short":false,"open_timestamp":1758521100000,"close_timestamp":1758605400000,"orders":[{"amount":0.00088,"safe_price":112491.01,"ft_order_side":"buy","order_filled_timestamp":1758521100000,"ft_is_entry":true,"ft_order_tag":"","cost":99.0910808888},{"amount":0.00088,"safe_price":112777.76,"ft_order_side":"sell","order_filled_timestamp":1758605400000,"ft_is_entry":false,"ft_order_tag":"exit_signal","cost":99.34367322879999}],"funding_fees":0.0},{"pair":"BTC/USDT","stake_amount":99.7806056,"max_stake_amount":99.7806056,"amount":0.00089,"open_date":"2025-09-23 17:40:00+00:00","close_date":"2025-09-24 05:55:00+00:00","open_rate":112113.04,"close_rate":112653.87,"fee_open":0.001,"fee_close":0.001,"trade_duration":735,"profit_ratio":0.002816330219438304,"profit_abs":0.28129615,"exit_reason":"exit_signal","initial_stop_loss_abs":110991.9096,"initial_stop_loss_ratio":-0.01,"stop_loss_abs":110991.9096,"stop_loss_ratio":-0.01,"min_rate":111042.66,"max_rate":112666.74,"is_open":false,"enter_tag":"","leverage":1.0,"is_short":false,"open_timestamp":1758649200000,"close_timestamp":1758693300000,"orders":[{"amount":0.00089,"safe_price":112113.04,"ft_order_side":"buy","order_filled_timestamp":1758649200000,"ft_is_entry":true,"ft_order_tag":"","cost":99.88038620559998},{"amount":0.00089,"safe_price":112653.87,"ft_order_side":"sell","order_filled_timestamp":1758693300000,"ft_is_entry":false,"ft_order_tag":"exit_signal","cost":100.36220624429998}],"funding_fees":0.0},{"pair":"BTC/USDT","stake_amount":99.2199912,"max_stake_amount":99.2199912,"amount":0.00088,"open_date":"2025-09-25 01:40:00+00:00","close_date":"2025-09-25 04:50:00+00:00","open_rate":112749.99,"close_rate":111622.49010000001,"fee_open":0.001,"fee_close":0.001,"trade_duration":190,"profit_ratio":-0.011978021932834345,"profit_abs":-1.18964769,"exit_reason":"stop_loss","initial_stop_loss_abs":111622.49010000001,"initial_stop_loss_ratio":-0.01,"stop_loss_abs":111622.49010000001,"stop_loss_ratio":-0.01,"min_rate":111584.23,"max_rate":113179.94,"is_open":false,"enter_tag":"","leverage":1.0,"is_short":false,"open_timestamp":1758764400000,"close_timestamp":1758775800000,"orders":[{"amount":0.00088,"safe_price":112749.99,"ft_order_side":"buy","order_filled_timestamp":1758764400000,"ft_is_entry":true,"ft_order_tag":"","cost":99.3192111912},{"amount":0.00088,"safe_price":111622.49010000001,"ft_order_side":"sell","order_filled_timestamp":1758775800000,"ft_is_entry":false,"ft_order_tag":"stop_loss","cost":98.32601907928799}],"funding_fees":0.0},{"pair":"BTC/USDT","stake_amount":99.144333,"max_stake_amount":99.144333,"amount":0.0009,"open_date":"2025-09-25 17:15:00+00:00","close_date":"2025-09-25 17:55:00+00:00","open_rate":110160.37,"close_rate":109058.76629999999,"fee_open":0.001,"fee_close":0.001,"trade_duration":40,"profit_ratio":-0.011978021951118446,"profit_abs":-1.18874055,"exit_reason":"stop_loss","initial_stop_loss_abs":109058.76629999999,"initial_stop_loss_ratio":-0.01,"stop_loss_abs":109058.76629999999,"stop_loss_ratio":-0.01,"min_rate":108654.0,"max_rate":110460.0,"is_open":false,"enter_tag":"","leverage":1.0,"is_short":false,"open_timestamp":1758820500000,"close_timestamp":1758822900000,"orders":[{"amount":0.0009,"safe_price":110160.37,"ft_order_side":"buy","order_filled_timestamp":1758820500000,"ft_is_entry":true,"ft_order_tag":"","cost":99.24347733299997},{"amount":0.0009,"safe_price":109058.76629999999,"ft_order_side":"sell","order_filled_timestamp":1758822900000,"ft_is_entry":false,"ft_order_tag":"stop_loss","cost":98.25104255966998}],"funding_fees":0.0},{"pair":"BTC/USDT","stake_amount":99.0386033,"max_stake_amount":99.0386033,"amount":0.00091,"open_date":"2025-09-25 18:00:00+00:00","close_date":"2025-09-26 17:30:00+00:00","open_rate":108833.63,"close_rate":109912.15,"fee_open":0.001,"fee_close":0.001,"trade_duration":1410,"profit_ratio":0.007892002724486393,"profit_abs":0.78239454,"exit_reason":"exit_signal","initial_stop_loss_abs":107745.29370000001,"initial_stop_loss_ratio":-0.01,"stop_loss_abs":107745.29370000001,"stop_loss_ratio":-0.01,"min_rate":108620.07,"max_rate":110000.0,"is_open":false,"enter_tag":"","leverage":1.0,"is_short":false,"open_timestamp":1758823200000,"close_timestamp":1758907800000,"orders":[{"amount":0.00091,"safe_price":108833.63,"ft_order_side":"buy","order_filled_timestamp":1758823200000,"ft_is_entry":true,"ft_order_tag":"","cost":99.1376419033},{"amount":0.00091,"safe_price":109912.15,"ft_order_side":"sell","order_filled_timestamp":1758907800000,"ft_is_entry":false,"ft_order_tag":"exit_signal","cost":100.12007655649998}],"funding_fees":0.0},{"pair":"BTC/USDT","stake_amount":99.220121,"max_stake_amount":99.220121,"amount":0.00091,"open_date":"2025-09-26 19:35:00+00:00","close_date":"2025-09-27 03:40:00+00:00","open_rate":109033.1,"close_rate":109690.81,"fee_open":0.001,"fee_close":0.001,"trade_duration":485,"profit_ratio":0.004022150524672932,"profit_abs":0.39947734,"exit_reason":"exit_signal","initial_stop_loss_abs":107942.769,"initial_stop_loss_ratio":-0.01,"stop_loss_abs":107942.769,"stop_loss_ratio":-0.01,"min_rate":109030.41,"max_rate":109743.91,"is_open":false,"enter_tag":"","leverage":1.0,"is_short":false,"open_timestamp":1758915300000,"close_timestamp":1758944400000,"orders":[{"amount":0.00091,"safe_price":109033.1,"ft_order_side":"buy","order_filled_timestamp":1758915300000,"ft_is_entry":true,"ft_order_tag":"","cost":99.319341121},{"amount":0.00091,"safe_price":109690.81,"ft_order_side":"sell","order_filled_timestamp":1758944400000,"ft_is_entry":false,"ft_order_tag":"exit_signal","cost":99.91845573709999}],"funding_fees":0.0},{"pair":"BTC/USDT","stake_amount":99.5325877,"max_stake_amount":99.5325877,"amount":0.00091,"open_date":"2025-09-27 07:50:00+00:00","close_date":"2025-09-27 22:05:00+00:00","open_rate":109376.47,"close_rate":109543.0,"fee_open":0.001,"fee_close":0.001,"trade_duration":855,"profit_ratio":-0.0004785045210554011,"profit_abs":-0.04767442,"exit_reason":"exit_signal","initial_stop_loss_abs":108282.7053,"initial_stop_loss_ratio":-0.01,"stop_loss_abs":108282.7053,"stop_loss_ratio":-0.01,"min_rate":109064.4,"max_rate":109559.78,"is_open":false,"enter_tag":"","leverage":1.0,"is_short":false,"open_timestamp":1758959400000,"close_timestamp":1759010700000,"orders":[{"amount":0.00091,"safe_price":109376.47,"ft_order_side":"buy","order_filled_timestamp":1758959400000,"ft_is_entry":true,"ft_order_tag":"","cost":99.63212028769999},{"amount":0.00091,"safe_price":109543.0,"ft_order_side":"sell","order_filled_timestamp":1759010700000,"ft_is_entry":false,"ft_order_tag":"exit_signal","cost":99.78381412999998}],"funding_fees":0.0},{"pair":"BTC/USDT","stake_amount":99.4448091,"max_stake_amount":99.4448091,"amount":0.00091,"open_date":"2025-09-28 06:30:00+00:00","close_date":"2025-09-28 14:00:00+00:00","open_rate":109280.01,"close_rate":109639.0,"fee_open":0.001,"fee_close":0.001,"trade_duration":450,"profit_ratio":0.0012804817454998036,"profit_abs":0.1274646,"exit_reason":"exit_signal","initial_stop_loss_abs":108187.20989999999,"initial_stop_loss_ratio":-0.01,"stop_loss_abs":108187.20989999999,"stop_loss_ratio":-0.01,"min_rate":109189.99,"max_rate":109668.98,"is_open":false,"enter_tag":"","leverage":1.0,"is_short":false,"open_timestamp":1759041000000,"close_timestamp":1759068000000,"orders":[{"amount":0.00091,"safe_price":109280.01,"ft_order_side":"buy","order_filled_timestamp":1759041000000,"ft_is_entry":true,"ft_order_tag":"","cost":99.5442539091},{"amount":0.00091,"safe_price":109639.0,"ft_order_side":"sell","order_filled_timestamp":1759068000000,"ft_is_entry":false,"ft_order_tag":"exit_signal","cost":99.87126149}],"funding_fees":0.0},{"pair":"BTC/USDT","stake_amount":99.1277826,"max_stake_amount":99.1277826,"amount":0.00087,"open_date":"2025-09-30 05:30:00+00:00","close_date":"2025-09-30 09:55:00+00:00","open_rate":113939.98,"close_rate":112800.5802,"fee_open":0.001,"fee_close":0.001,"trade_duration":265,"profit_ratio":-0.011978021944019106,"profit_abs":-1.18854211,"exit_reason":"stop_loss","initial_stop_loss_abs":112800.5802,"initial_stop_loss_ratio":-0.01,"stop_loss_abs":112800.5802,"stop_loss_ratio":-0.01,"min_rate":112731.41,"max_rate":114084.22,"is_open":false,"enter_tag":"","leverage":1.0,"is_short":false,"open_timestamp":1759210200000,"close_timestamp":1759226100000,"orders":[{"amount":0.00087,"safe_price":113939.98,"ft_order_side":"buy","order_filled_timestamp":1759210200000,"ft_is_entry":true,"ft_order_tag":"","cost":99.2269103826},{"amount":0.00087,"safe_price":112800.5802,"ft_order_side":"sell","order_filled_timestamp":1759226100000,"ft_is_entry":false,"ft_order_tag":"stop_loss","cost":98.23464127877399}],"funding_fees":0.0},{"pair":"BTC/USDT","stake_amount":99.2481336,"max_stake_amount":99.2481336,"amount":0.00088,"open_date":"2025-09-30 10:00:00+00:00","close_date":"2025-09-30 13:45:00+00:00","open_rate":112781.97,"close_rate":113528.26,"fee_open":0.001,"fee_close":0.001,"trade_duration":225,"profit_ratio":0.0046058808195570435,"profit_abs":0.4575822,"exit_reason":"exit_signal","initial_stop_loss_abs":111654.1503,"initial_stop_loss_ratio":-0.01,"stop_loss_abs":111654.1503,"stop_loss_ratio":-0.01,"min_rate":112656.27,"max_rate":113677.23,"is_open":false,"enter_tag":"","leverage":1.0,"is_short":false,"open_timestamp":1759226400000,"close_timestamp":1759239900000,"orders":[{"amount":0.00088,"safe_price":112781.97,"ft_order_side":"buy","order_filled_timestamp":1759226400000,"ft_is_entry":true,"ft_order_tag":"","cost":99.34738173359999},{"amount":0.00088,"safe_price":113528.26,"ft_order_side":"sell","order_filled_timestamp":1759239900000,"ft_is_entry":false,"ft_order_tag":"exit_signal","cost":100.0047736688}],"funding_fees":0.0},{"pair":"BTC/USDT","stake_amount":99.6019836,"max_stake_amount":99.6019836,"amount":0.00084,"open_date":"2025-10-02 15:05:00+00:00","close_date":"2025-10-02 19:05:00+00:00","open_rate":118573.79,"close_rate":120637.75,"fee_open":0.001,"fee_close":0.001,"trade_duration":240,"profit_ratio":0.015373764629999323,"profit_abs":1.53278871,"exit_reason":"exit_signal","initial_stop_loss_abs":117388.05209999999,"initial_stop_loss_ratio":-0.01,"stop_loss_abs":119753.6967,"stop_loss_ratio":-0.01,"min_rate":118519.45,"max_rate":120963.33,"is_open":false,"enter_tag":"","leverage":1.0,"is_short":false,"open_timestamp":1759417500000,"close_timestamp":1759431900000,"orders":[{"amount":0.00084,"safe_price":118573.79,"ft_order_side":"buy","order_filled_timestamp":1759417500000,"ft_is_entry":true,"ft_order_tag":"","cost":99.7015855836},{"amount":0.00084,"safe_price":120637.75,"ft_order_side":"sell","order_filled_timestamp":1759431900000,"ft_is_entry":false,"ft_order_tag":"exit_signal","cost":101.43704570999999}],"funding_fees":0.0},{"pair":"BTC/USDT","stake_amount":99.051287,"max_stake_amount":99.051287,"amount":0.00083,"open_date":"2025-10-03 08:20:00+00:00","close_date":"2025-10-03 10:20:00+00:00","open_rate":119338.9,"close_rate":120470.58,"fee_open":0.001,"fee_close":0.001,"trade_duration":120,"profit_ratio":0.007465960709657584,"profit_abs":0.74025253,"exit_reason":"exit_signal","initial_stop_loss_abs":118145.511,"initial_stop_loss_ratio":-0.01,"stop_loss_abs":118145.511,"stop_loss_ratio":-0.01,"min_rate":119338.9,"max_rate":120480.32,"is_open":false,"enter_tag":"","leverage":1.0,"is_short":false,"open_timestamp":1759479600000,"close_timestamp":1759486800000,"orders":[{"amount":0.00083,"safe_price":119338.9,"ft_order_side":"buy","order_filled_timestamp":1759479600000,"ft_is_entry":true,"ft_order_tag":"","cost":99.150338287},{"amount":0.00083,"safe_price":120470.58,"ft_order_side":"sell","order_filled_timestamp":1759486800000,"ft_is_entry":false,"ft_order_tag":"exit_signal","cost":100.09057198139999}],"funding_fees":0.0},{"pair":"BTC/USDT","stake_amount":99.794,"max_stake_amount":99.794,"amount":0.00082,"open_date":"2025-10-04 01:55:00+00:00","close_date":"2025-10-04 04:05:00+00:00","open_rate":121700.0,"close_rate":122296.83,"fee_open":0.001,"fee_close":0.001,"trade_duration":130,"profit_ratio":0.0028963080529306956,"profit_abs":0.2893232,"exit_reason":"exit_signal","initial_stop_loss_abs":120483.0,"initial_stop_loss_ratio":-0.01,"stop_loss_abs":120483.0,"stop_loss_ratio":-0.01,"min_rate":121684.97,"max_rate":122325.6,"is_open":false,"enter_tag":"","leverage":1.0,"is_short":false,"open_timestamp":1759542900000,"close_timestamp":1759550700000,"orders":[{"amount":0.00082,"safe_price":121700.0,"ft_order_side":"buy","order_filled_timestamp":1759542900000,"ft_is_entry":true,"ft_order_tag":"","cost":99.89379399999999},{"amount":0.00082,"safe_price":122296.83,"ft_order_side":"sell","order_filled_timestamp":1759550700000,"ft_is_entry":false,"ft_order_tag":"exit_signal","cost":100.38368400059998}],"funding_fees":0.0},{"pair":"BTC/USDT","stake_amount":98.8184043,"max_stake_amount":98.8184043,"amount":0.00081,"open_date":"2025-10-04 11:20:00+00:00","close_date":"2025-10-04 13:10:00+00:00","open_rate":121998.03,"close_rate":122463.43,"fee_open":0.001,"fee_close":0.001,"trade_duration":110,"profit_ratio":0.001809191717148974,"profit_abs":0.17896022,"exit_reason":"exit_signal","initial_stop_loss_abs":120778.0497,"initial_stop_loss_ratio":-0.01,"stop_loss_abs":120778.0497,"stop_loss_ratio":-0.01,"min_rate":121945.0,"max_rate":122509.52,"is_open":false,"enter_tag":"","leverage":1.0,"is_short":false,"open_timestamp":1759576800000,"close_timestamp":1759583400000,"orders":[{"amount":0.00081,"safe_price":121998.03,"ft_order_side":"buy","order_filled_timestamp":1759576800000,"ft_is_entry":true,"ft_order_tag":"","cost":98.91722270429999},{"amount":0.00081,"safe_price":122463.43,"ft_order_side":"sell","order_filled_timestamp":1759583400000,"ft_is_entry":false,"ft_order_tag":"exit_signal","cost":99.29457367829998}],"funding_fees":0.0},{"pair":"BTC/USDT","stake_amount":99.960214,"max_stake_amount":99.960214,"amount":0.00082,"open_date":"2025-10-04 15:15:00+00:00","close_date":"2025-10-04 21:25:00+00:00","open_rate":121902.7,"close_rate":122236.69,"fee_open":0.001,"fee_close":0.001,"trade_duration":370,"profit_ratio":0.0007363319180558788,"profit_abs":0.0736775,"exit_reason":"exit_signal","initial_stop_loss_abs":120683.673,"initial_stop_loss_ratio":-0.01,"stop_loss_abs":120683.673,"stop_loss_ratio":-0.01,"min_rate":121510.0,"max_rate":122327.33,"is_open":false,"enter_tag":"","leverage":1.0,"is_short":false,"open_timestamp":1759590900000,"close_timestamp":1759613100000,"orders":[{"amount":0.00082,"safe_price":121902.7,"ft_order_side":"buy","order_filled_timestamp":1759590900000,"ft_is_entry":true,"ft_order_tag":"","cost":100.06017421399999},{"amount":0.00082,"safe_price":122236.69,"ft_order_side":"sell","order_filled_timestamp":1759613100000,"ft_is_entry":false,"ft_order_tag":"exit_signal","cost":100.33431988579999}],"funding_fees":0.0},{"pair":"BTC/USDT","stake_amount":99.21072,"max_stake_amount":99.21072,"amount":0.0008,"open_date":"2025-10-05 09:30:00+00:00","close_date":"2025-10-05 10:00:00+00:00","open_rate":124013.4,"close_rate":122773.26599999999,"fee_open":0.001,"fee_close":0.001,"trade_duration":30,"profit_ratio":-0.011978021949827417,"profit_abs":-1.18953653,"exit_reason":"stop_loss","initial_stop_loss_abs":122773.26599999999,"initial_stop_loss_ratio":-0.01,"stop_loss_abs":122773.26599999999,"stop_loss_ratio":-0.01,"min_rate":122601.0,"max_rate":124026.3,"is_open":false,"enter_tag":"","leverage":1.0,"is_short":false,"open_timestamp":1759656600000,"close_timestamp":1759658400000,"orders":[{"amount":0.0008,"safe_price":124013.4,"ft_order_side":"buy","order_filled_timestamp":1759656600000,"ft_is_entry":true,"ft_order_tag":"","cost":99.30993071999998},{"amount":0.0008,"safe_price":122773.26599999999,"ft_order_side":"sell","order_filled_timestamp":1759658400000,"ft_is_entry":false,"ft_order_tag":"stop_loss","cost":98.31683141279998}],"funding_fees":0.0},{"pair":"BTC/USDT","stake_amount":99.3561633,"max_stake_amount":99.3561633,"amount":0.00081,"open_date":"2025-10-05 10:05:00+00:00","close_date":"2025-10-05 23:10:00+00:00","open_rate":122661.93,"close_rate":123457.76,"fee_open":0.001,"fee_close":0.001,"trade_duration":785,"profit_ratio":0.004477030057284121,"profit_abs":0.44526535,"exit_reason":"exit_signal","initial_stop_loss_abs":121435.31069999999,"initial_stop_loss_ratio":-0.01,"stop_loss_abs":121435.31069999999,"stop_loss_ratio":-0.01,"min_rate":122301.63,"max_rate":123538.46,"is_open":false,"enter_tag":"","leverage":1.0,"is_short":false,"open_timestamp":1759658700000,"close_timestamp":1759705800000,"orders":[{"amount":0.00081,"safe_price":122661.93,"ft_order_side":"buy","order_filled_timestamp":1759658700000,"ft_is_entry":true,"ft_order_tag":"","cost":99.45551946329998},{"amount":0.00081,"safe_price":123457.76,"ft_order_side":"sell","order_filled_timestamp":1759705800000,"ft_is_entry":false,"ft_order_tag":"exit_signal","cost":100.10078638559997}],"funding_fees":0.0},{"pair":"BTC/USDT","stake_amount":99.9047358,"max_stake_amount":99.9047358,"amount":0.00081,"open_date":"2025-10-06 05:15:00+00:00","close_date":"2025-10-06 07:10:00+00:00","open_rate":123339.18,"close_rate":123930.83,"fee_open":0.001,"fee_close":0.001,"trade_duration":115,"profit_ratio":0.00278934845928616,"profit_abs":0.27894779,"exit_reason":"force_exit","initial_stop_loss_abs":122105.7882,"initial_stop_loss_ratio":-0.01,"stop_loss_abs":122105.7882,"stop_loss_ratio":-0.01,"min_rate":123317.0,"max_rate":124165.56,"is_open":false,"enter_tag":"","leverage":1.0,"is_short":false,"open_timestamp":1759727700000,"close_timestamp":1759734600000,"orders":[{"amount":0.00081,"safe_price":123339.18,"ft_order_side":"buy","order_filled_timestamp":1759727700000,"ft_is_entry":true,"ft_order_tag":"","cost":100.00464053579998},{"amount":0.00081,"safe_price":123930.83,"ft_order_side":"sell","order_filled_timestamp":1759734600000,"ft_is_entry":false,"ft_order_tag":"force_exit","cost":100.48435627229999}],"funding_fees":0.0}],"locks":[],"best_pair":{"key":"BTC/USDT","trades":39,"profit_mean":-0.0009842293948557975,"profit_mean_pct":-0.1,"profit_total_abs":-3.806748869999999,"profit_total":-0.0003806748869999999,"profit_total_pct":-0.04,"duration_avg":"7:45:00","wins":23,"draws":0,"losses":16,"winrate":0.5897435897435898,"cagr":-0.00462171310118209,"expectancy":-0.09760894538461534,"expectancy_ratio":-0.13296778168711654,"sortino":-4.637498336829856,"sharpe":-3.582661051082452,"calmar":-34.01088700160006,"sqn":-0.8892,"profit_factor":0.6758910321376536,"max_drawdown_account":0.0007127897511185126,"max_drawdown_abs":7.12821191},"worst_pair":{"key":"BTC/USDT","trades":39,"profit_mean":-0.0009842293948557975,"profit_mean_pct":-0.1,"profit_total_abs":-3.806748869999999,"profit_total":-0.0003806748869999999,"profit_total_pct":-0.04,"duration_avg":"7:45:00","wins":23,"draws":0,"losses":16,"winrate":0.5897435897435898,"cagr":-0.00462171310118209,"expectancy":-0.09760894538461534,"expectancy_ratio":-0.13296778168711654,"sortino":-4.637498336829856,"sharpe":-3.582661051082452,"calmar":-34.01088700160006,"sqn":-0.8892,"profit_factor":0.6758910321376536,"max_drawdown_account":0.0007127897511185126,"max_drawdown_abs":7.12821191},"results_per_pair":[{"key":"BTC/USDT","trades":39,"profit_mean":-0.0009842293948557975,"profit_mean_pct":-0.1,"profit_total_abs":-3.806748869999999,"profit_total":-0.0003806748869999999,"profit_total_pct":-0.04,"duration_avg":"7:45:00","wins":23,"draws":0,"losses":16,"winrate":0.5897435897435898,"cagr":-0.00462171310118209,"expectancy":-0.09760894538461534,"expectancy_ratio":-0.13296778168711654,"sortino":-4.637498336829856,"sharpe":-3.582661051082452,"calmar":-34.01088700160006,"sqn":-0.8892,"profit_factor":0.6758910321376536,"max_drawdown_account":0.0007127897511185126,"max_drawdown_abs":7.12821191},{"key":"TOTAL","trades":39,"profit_mean":-0.0009842293948557975,"profit_mean_pct":-0.1,"profit_total_abs":-3.806748869999999,"profit_total":-0.0003806748869999999,"profit_total_pct":-0.04,"duration_avg":"7:45:00","wins":23,"draws":0,"losses":16,"winrate":0.5897435897435898,"cagr":-0.00462171310118209,"expectancy":-0.09760894538461534,"expectancy_ratio":-0.13296778168711654,"sortino":-4.637498336829856,"sharpe":-3.582661051082452,"calmar":-34.01088700160006,"sqn":-0.8892,"profit_factor":0.6758910321376536,"max_drawdown_account":0.0007127897511185126,"max_drawdown_abs":7.12821191}],"results_per_enter_tag":[{"key":"","trades":39,"profit_mean":-0.0009842293948557975,"profit_mean_pct":-0.1,"profit_total_abs":-3.806748869999999,"profit_total":-0.0003806748869999999,"profit_total_pct":-0.04,"duration_avg":"7:45:00","wins":23,"draws":0,"losses":16,"winrate":0.5897435897435898,"cagr":-0.00462171310118209,"expectancy":-0.09760894538461534,"expectancy_ratio":-0.13296778168711654,"sortino":-4.637498336829856,"sharpe":-3.582661051082452,"calmar":-34.01088700160006,"sqn":-0.8892,"profit_factor":0.6758910321376536,"max_drawdown_account":0.0007127897511185126,"max_drawdown_abs":7.12821191},{"key":"TOTAL","trades":39,"profit_mean":-0.0009842293948557975,"profit_mean_pct":-0.1,"profit_total_abs":-3.806748869999999,"profit_total":-0.0003806748869999999,"profit_total_pct":-0.04,"duration_avg":"7:45:00","wins":23,"draws":0,"losses":16,"winrate":0.5897435897435898,"cagr":-0.00462171310118209,"expectancy":-0.09760894538461534,"expectancy_ratio":-0.13296778168711654,"sortino":-4.637498336829856,"sharpe":-3.582661051082452,"calmar":-34.01088700160006,"sqn":-0.8892,"profit_factor":0.6758910321376536,"max_drawdown_account":0.0007127897511185126,"max_drawdown_abs":7.12821191}],"exit_reason_summary":[{"key":"exit_signal","trades":29,"profit_mean":0.002297513890434665,"profit_mean_pct":0.23,"profit_total_abs":6.62353492,"profit_total":0.000662353492,"profit_total_pct":0.07,"duration_avg":"8:28:00","wins":22,"draws":0,"losses":7,"winrate":0.7586206896551724,"cagr":0.008088503109026313,"expectancy":0.22839775586206895,"expectancy_ratio":1.5431638064828501,"sortino":35.68302500673442,"sharpe":11.509633335210214,"calmar":1131.0704156011047,"sqn":3.2977,"profit_factor":7.393107198286094,"max_drawdown_account":3.7292831999911865e-05,"max_drawdown_abs":0.37292832},{"key":"force_exit","trades":1,"profit_mean":0.00278934845928616,"profit_mean_pct":0.28,"profit_total_abs":0.27894779,"profit_total":2.7894779e-05,"profit_total_pct":0.0,"duration_avg":"1:55:00","wins":1,"draws":0,"losses":0,"winrate":1.0,"cagr":0.000339439340865777,"expectancy":0.27894779,"expectancy_ratio":100.0,"sortino":-100,"sharpe":-100,"calmar":-100,"sqn":-100.0,"profit_factor":0.0,"max_drawdown_account":0.0,"max_drawdown_abs":0.0},{"key":"stop_loss","trades":9,"profit_mean":-0.011978021964585282,"profit_mean_pct":-1.2,"profit_total_abs":-10.709231579999999,"profit_total":-0.001070923158,"profit_total_pct":-0.11,"duration_avg":"6:07:00","wins":0,"draws":0,"losses":9,"winrate":0.0,"cagr":-0.012951939191211292,"expectancy":-1.18991462,"expectancy_ratio":-1.0,"sortino":-2791.4919666883065,"sharpe":-2791.4919666883065,"calmar":-63.683243915142356,"sqn":-1377.57,"profit_factor":0.0,"max_drawdown_account":0.001070923158000005,"max_drawdown_abs":10.709231579999999},{"key":"TOTAL","trades":39,"profit_mean":-0.0009842293948557975,"profit_mean_pct":-0.1,"profit_total_abs":-3.806748869999999,"profit_total":-0.0003806748869999999,"profit_total_pct":-0.04,"duration_avg":"7:45:00","wins":23,"draws":0,"losses":16,"winrate":0.5897435897435898,"cagr":-0.00462171310118209,"expectancy":-0.09760894538461534,"expectancy_ratio":-0.13296778168711654,"sortino":-4.637498336829856,"sharpe":-3.582661051082452,"calmar":-34.01088700160006,"sqn":-0.8892,"profit_factor":0.6758910321376536,"max_drawdown_account":0.0007127897511185126,"max_drawdown_abs":7.12821191}],"mix_tag_stats":[{"key":["","exit_signal"],"trades":29,"profit_mean":0.002297513890434665,"profit_mean_pct":0.23,"profit_total_abs":6.62353492,"profit_total":0.000662353492,"profit_total_pct":0.07,"duration_avg":"8:28:00","wins":22,"draws":0,"losses":7,"winrate":0.7586206896551724,"cagr":0.008088503109026313,"expectancy":0.22839775586206895,"expectancy_ratio":1.5431638064828501,"sortino":35.68302500673442,"sharpe":11.509633335210214,"calmar":1131.0704156011047,"sqn":3.2977,"profit_factor":7.393107198286094,"max_drawdown_account":3.7292831999911865e-05,"max_drawdown_abs":0.37292832},{"key":["","force_exit"],"trades":1,"profit_mean":0.00278934845928616,"profit_mean_pct":0.28,"profit_total_abs":0.27894779,"profit_total":2.7894779e-05,"profit_total_pct":0.0,"duration_avg":"1:55:00","wins":1,"draws":0,"losses":0,"winrate":1.0,"cagr":0.000339439340865777,"expectancy":0.27894779,"expectancy_ratio":100.0,"sortino":-100,"sharpe":-100,"calmar":-100,"sqn":-100.0,"profit_factor":0.0,"max_drawdown_account":0.0,"max_drawdown_abs":0.0},{"key":["","stop_loss"],"trades":9,"profit_mean":-0.011978021964585282,"profit_mean_pct":-1.2,"profit_total_abs":-10.709231579999999,"profit_total":-0.001070923158,"profit_total_pct":-0.11,"duration_avg":"6:07:00","wins":0,"draws":0,"losses":9,"winrate":0.0,"cagr":-0.012951939191211292,"expectancy":-1.18991462,"expectancy_ratio":-1.0,"sortino":-2791.4919666883065,"sharpe":-2791.4919666883065,"calmar":-63.683243915142356,"sqn":-1377.57,"profit_factor":0.0,"max_drawdown_account":0.001070923158000005,"max_drawdown_abs":10.709231579999999},{"key":"TOTAL","trades":39,"profit_mean":-0.0009842293948557975,"profit_mean_pct":-0.1,"profit_total_abs":-3.806748869999999,"profit_total":-0.0003806748869999999,"profit_total_pct":-0.04,"duration_avg":"7:45:00","wins":23,"draws":0,"losses":16,"winrate":0.5897435897435898,"cagr":-0.00462171310118209,"expectancy":-0.09760894538461534,"expectancy_ratio":-0.13296778168711654,"sortino":-4.637498336829856,"sharpe":-3.582661051082452,"calmar":-34.01088700160006,"sqn":-0.8892,"profit_factor":0.6758910321376536,"max_drawdown_account":0.0007127897511185126,"max_drawdown_abs":7.12821191}],"left_open_trades":[{"key":"BTC/USDT","trades":1,"profit_mean":0.00278934845928616,"profit_mean_pct":0.28,"profit_total_abs":0.27894779,"profit_total":2.7894779e-05,"profit_total_pct":0.0,"duration_avg":"1:55:00","wins":1,"draws":0,"losses":0,"winrate":1.0,"cagr":0.000339439340865777,"expectancy":0.27894779,"expectancy_ratio":100.0,"sortino":-100,"sharpe":-100,"calmar":-100,"sqn":-100.0,"profit_factor":0.0,"max_drawdown_account":0.0,"max_drawdown_abs":0.0},{"key":"TOTAL","trades":1,"profit_mean":0.00278934845928616,"profit_mean_pct":0.28,"profit_total_abs":0.27894779,"profit_total":2.7894779e-05,"profit_total_pct":0.0,"duration_avg":"1:55:00","wins":1,"draws":0,"losses":0,"winrate":1.0,"cagr":0.000339439340865777,"expectancy":0.27894779,"expectancy_ratio":100.0,"sortino":-100,"sharpe":-100,"calmar":-100,"sqn":-100.0,"profit_factor":0.0,"max_drawdown_account":0.0,"max_drawdown_abs":0.0}],"total_trades":39,"trade_count_long":39,"trade_count_short":0,"total_volume":7762.78508002097,"avg_stake_amount":99.37284318974359,"profit_mean":-0.0009842293948557975,"profit_median":0.0005459974754005855,"profit_total":-0.0003806748869999999,"profit_total_long":-0.0003806748869999999,"profit_total_short":0.0,"profit_total_abs":-3.806748869999999,"profit_total_long_abs":-3.806748869999999,"profit_total_short_abs":0.0,"cagr":-0.00462171310118209,"expectancy":-0.09760894538461534,"expectancy_ratio":-0.13296778168711654,"sortino":-4.637498336829856,"sharpe":-3.582661051082452,"calmar":-34.01088700160006,"sqn":-0.8892,"profit_factor":0.6758910321376536,"backtest_start":"2025-09-06 04:10:00","backtest_start_ts":1757131800000,"backtest_end":"2025-10-06 07:10:00","backtest_end_ts":1759734600000,"backtest_days":30,"backtest_run_start_ts":1759735428,"backtest_run_end_ts":1759735428,"trades_per_day":1.3,"market_change":0.11828584476516517,"pairlist":["BTC/USDT"],"stake_amount":100,"stake_currency":"USDT","stake_currency_decimals":3,"starting_balance":10000,"dry_run_wallet":10000,"final_balance":9996.19325113,"rejected_signals":0,"timedout_entry_orders":0,"timedout_exit_orders":0,"canceled_trade_entries":0,"canceled_entry_orders":0,"replaced_entry_orders":0,"max_open_trades":1,"max_open_trades_setting":3,"timeframe":"5m","timeframe_detail":"","timerange":"20250906-","enable_protections":false,"strategy_name":"SimpleRSI","freqaimodel":null,"freqai_identifier":null,"stoploss":-0.01,"trailing_stop":true,"trailing_stop_positive":0.01,"trailing_stop_positive_offset":0.015,"trailing_only_offset_is_reached":true,"use_custom_stoploss":false,"minimal_roi":{"0":0.02},"use_exit_signal":true,"exit_profit_only":false,"exit_profit_offset":0.0,"ignore_roi_if_entry_signal":false,"trading_mode":"spot","margin_mode":"","periodic_breakdown":{"day":[{"date":"07/09/2025","date_ts":1757203200000,"profit_abs":-0.37292832,"wins":0,"draws":0,"losses":1,"trades":1,"profit_factor":0.0},{"date":"08/09/2025","date_ts":1757289600000,"profit_abs":0.17355133,"wins":1,"draws":0,"losses":0,"trades":1,"profit_factor":0.0},{"date":"09/09/2025","date_ts":1757376000000,"profit_abs":-1.14788014,"wins":1,"draws":0,"losses":1,"trades":2,"profit_factor":0.03239387},{"date":"10/09/2025","date_ts":1757462400000,"profit_abs":0.64849658,"wins":1,"draws":0,"losses":0,"trades":1,"profit_factor":0.0},{"date":"11/09/2025","date_ts":1757548800000,"profit_abs":0.0,"wins":0,"draws":0,"losses":0,"trades":0,"profit_factor":0.0},{"date":"12/09/2025","date_ts":1757635200000,"profit_abs":0.32537315,"wins":1,"draws":0,"losses":0,"trades":1,"profit_factor":0.0},{"date":"13/09/2025","date_ts":1757721600000,"profit_abs":-0.0134007,"wins":1,"draws":0,"losses":1,"trades":2,"profit_factor":0.66899216},{"date":"14/09/2025","date_ts":1757808000000,"profit_abs":0.18468531,"wins":2,"draws":0,"losses":0,"trades":2,"profit_factor":0.0},{"date":"15/09/2025","date_ts":1757894400000,"profit_abs":0.01216829,"wins":1,"draws":0,"losses":1,"trades":2,"profit_factor":1.04749751},{"date":"16/09/2025","date_ts":1757980800000,"profit_abs":0.33951442,"wins":1,"draws":0,"losses":0,"trades":1,"profit_factor":0.0},{"date":"17/09/2025","date_ts":1758067200000,"profit_abs":-0.89653818,"wins":1,"draws":0,"losses":1,"trades":2,"profit_factor":0.24536388},{"date":"18/09/2025","date_ts":1758153600000,"profit_abs":0.0,"wins":0,"draws":0,"losses":0,"trades":0,"profit_factor":0.0},{"date":"19/09/2025","date_ts":1758240000000,"profit_abs":-1.19302739,"wins":0,"draws":0,"losses":1,"trades":1,"profit_factor":0.0},{"date":"20/09/2025","date_ts":1758326400000,"profit_abs":-0.17155763,"wins":0,"draws":0,"losses":2,"trades":2,"profit_factor":0.0},{"date":"21/09/2025","date_ts":1758412800000,"profit_abs":-0.14721026,"wins":0,"draws":0,"losses":1,"trades":1,"profit_factor":0.0},{"date":"22/09/2025","date_ts":1758499200000,"profit_abs":-2.38538764,"wins":0,"draws":0,"losses":2,"trades":2,"profit_factor":0.0},{"date":"23/09/2025","date_ts":1758585600000,"profit_abs":0.05410348,"wins":1,"draws":0,"losses":0,"trades":1,"profit_factor":0.0},{"date":"24/09/2025","date_ts":1758672000000,"profit_abs":0.28129615,"wins":1,"draws":0,"losses":0,"trades":1,"profit_factor":0.0},{"date":"25/09/2025","date_ts":1758758400000,"profit_abs":-2.37838824,"wins":0,"draws":0,"losses":2,"trades":2,"profit_factor":0.0},{"date":"26/09/2025","date_ts":1758844800000,"profit_abs":0.78239454,"wins":1,"draws":0,"losses":0,"trades":1,"profit_factor":0.0},{"date":"27/09/2025","date_ts":1758931200000,"profit_abs":0.35180292,"wins":1,"draws":0,"losses":1,"trades":2,"profit_factor":8.37928054},{"date":"28/09/2025","date_ts":1759017600000,"profit_abs":0.1274646,"wins":1,"draws":0,"losses":0,"trades":1,"profit_factor":0.0},{"date":"29/09/2025","date_ts":1759104000000,"profit_abs":0.0,"wins":0,"draws":0,"losses":0,"trades":0,"profit_factor":0.0},{"date":"30/09/2025","date_ts":1759190400000,"profit_abs":-0.73095991,"wins":1,"draws":0,"losses":1,"trades":2,"profit_factor":0.38499452},{"date":"01/10/2025","date_ts":1759276800000,"profit_abs":0.0,"wins":0,"draws":0,"losses":0,"trades":0,"profit_factor":0.0},{"date":"02/10/2025","date_ts":1759363200000,"profit_abs":1.53278871,"wins":1,"draws":0,"losses":0,"trades":1,"profit_factor":0.0},{"date":"03/10/2025","date_ts":1759449600000,"profit_abs":0.74025253,"wins":1,"draws":0,"losses":0,"trades":1,"profit_factor":0.0},{"date":"04/10/2025","date_ts":1759536000000,"profit_abs":0.54196092,"wins":3,"draws":0,"losses":0,"trades":3,"profit_factor":0.0},{"date":"05/10/2025","date_ts":1759622400000,"profit_abs":-0.74427118,"wins":1,"draws":0,"losses":1,"trades":2,"profit_factor":0.37431835},{"date":"06/10/2025","date_ts":1759708800000,"profit_abs":0.27894779,"wins":1,"draws":0,"losses":0,"trades":1,"profit_factor":0.0}],"week":[{"date":"08/09/2025","date_ts":1757289600000,"profit_abs":-0.19937699,"wins":1,"draws":0,"losses":1,"trades":2,"profit_factor":0.4653745},{"date":"15/09/2025","date_ts":1757894400000,"profit_abs":0.00944249,"wins":7,"draws":0,"losses":3,"trades":10,"profit_factor":1.00636723},{"date":"22/09/2025","date_ts":1758499200000,"profit_abs":-4.45420668,"wins":2,"draws":0,"losses":7,"trades":9,"profit_factor":0.12408828},{"date":"29/09/2025","date_ts":1759104000000,"profit_abs":-0.78132655,"wins":5,"draws":0,"losses":3,"trades":8,"profit_factor":0.67794461},{"date":"06/10/2025","date_ts":1759708800000,"profit_abs":1.61871886,"wins":8,"draws":0,"losses":2,"trades":10,"profit_factor":1.68068349}],"month":[{"date":"30/09/2025","date_ts":1759190400000,"profit_abs":-6.15642764,"wins":16,"draws":0,"losses":15,"trades":31,"profit_factor":0.41676958},{"date":"31/10/2025","date_ts":1761868800000,"profit_abs":2.34967877,"wins":7,"draws":0,"losses":1,"trades":8,"profit_factor":2.97528929}],"year":[{"date":"31/12/2025","date_ts":1767139200000,"profit_abs":-3.80674887,"wins":23,"draws":0,"losses":16,"trades":39,"profit_factor":0.67589103}]},"backtest_best_day":0.015373764629999323,"backtest_worst_day":-0.023956043957299028,"backtest_best_day_abs":1.53278871,"backtest_worst_day_abs":-2.38538764,"winning_days":15,"draw_days":4,"losing_days":11,"daily_profit":[["2025-09-07",-0.37292832],["2025-09-08",0.17355133],["2025-09-09",-1.14788014],["2025-09-10",0.64849658],["2025-09-11",0.0],["2025-09-12",0.32537315],["2025-09-13",-0.0134007],["2025-09-14",0.18468531],["2025-09-15",0.01216829],["2025-09-16",0.33951442],["2025-09-17",-0.89653818],["2025-09-18",0.0],["2025-09-19",-1.19302739],["2025-09-20",-0.17155763],["2025-09-21",-0.14721026],["2025-09-22",-2.38538764],["2025-09-23",0.05410348],["2025-09-24",0.28129615],["2025-09-25",-2.37838824],["2025-09-26",0.78239454],["2025-09-27",0.35180292],["2025-09-28",0.1274646],["2025-09-29",0.0],["2025-09-30",-0.73095991],["2025-10-01",0.0],["2025-10-02",1.53278871],["2025-10-03",0.74025253],["2025-10-04",0.54196092],["2025-10-05",-0.74427118],["2025-10-06",0.27894779]],"wins":23,"losses":16,"draws":0,"winrate":0.5897435897435898,"holding_avg":"7:45:00","holding_avg_s":27900.0,"winner_holding_min":"0d 01:15","winner_holding_min_s":4500.0,"winner_holding_max":"0d 23:30","winner_holding_max_s":84600.0,"winner_holding_avg":"0d 07:54","winner_holding_avg_s":28440.0,"loser_holding_min":"0d 00:30","loser_holding_min_s":1800.0,"loser_holding_max":"0d 15:45","loser_holding_max_s":56700.0,"loser_holding_avg":"0d 07:33","loser_holding_avg_s":27180.0,"max_consecutive_wins":6,"max_consecutive_losses":7,"max_drawdown_account":0.0007127897511185126,"max_relative_drawdown":0.0007127897511185126,"max_drawdown_abs":7.12821191,"drawdown_start":"2025-09-17 05:50:00","drawdown_start_ts":1758088200000.0,"drawdown_end":"2025-09-25 17:55:00","drawdown_end_ts":1758822900000.0,"drawdown_duration":"8 days 12:05:00","drawdown_duration_s":734700.0,"max_drawdown_low":-6.68712979,"max_drawdown_high":0.44108212,"csum_min":9993.31287021,"csum_max":10000.44108212}},"strategy_comparison":[{"key":"SimpleRSI","trades":39,"profit_mean":-0.0009842293948557975,"profit_mean_pct":-0.1,"profit_total_abs":-3.806748869999999,"profit_total":-0.0003806748869999999,"profit_total_pct":-0.04,"duration_avg":"7:45:00","wins":23,"draws":0,"losses":16,"winrate":0.5897435897435898,"cagr":-0.00462171310118209,"expectancy":-0.09760894538461534,"expectancy_ratio":-0.13296778168711654,"sortino":-4.637498336829856,"sharpe":-3.582661051082452,"calmar":-34.01088700160006,"sqn":-0.8892,"profit_factor":0.6758910321376536,"max_drawdown_account":0.0007127897511185126,"max_drawdown_abs":"7.128"}]}