{"max_open_trades":3,"stake_currency":"USDT","stake_amount":100,"tradable_balance_ratio":0.99,"fiat_display_currency":"USD","dry_run":true,"dry_run_wallet":10000,"cancel_open_orders_on_exit":false,"trading_mode":"spot","margin_mode":"","unfilledtimeout":{"entry":10,"exit":10,"exit_timeout_count":0,"unit":"minutes"},"entry_pricing":{"price_side":"same","use_order_book":true,"order_book_top":1,"price_last_balance":0.0,"check_depth_of_market":{"enabled":false,"bids_to_ask_delta":1}},"exit_pricing":{"price_side":"same","use_order_book":true,"order_book_top":1},"exchange":{"name":"binance","key":"REDACTED","secret":"REDACTED","ccxt_config":{},"ccxt_async_config":{},"pair_whitelist":["BTC/USDT"],"pair_blacklist":["BNB/.*"]},"pairlists":[{"method":"StaticPairList"}],"edge":{"enabled":false,"process_throttle_secs":3600,"calculate_since_number_of_days":7,"allowed_risk":0.01,"stoploss_range_min":-0.01,"stoploss_range_max":-0.1,"stoploss_range_step":-0.01,"minimum_winrate":0.6,"minimum_expectancy":0.2,"min_trade_number":10,"max_trade_duration_minute":1440,"remove_pumps":false},"telegram":{"enabled":true,"token":"REDACTED","chat_id":"REDACTED","notification_settings":{"status":"on","warning":"on","startup":"on","entry":"on","entry_cancel":"on","entry_fill":"on","exit":"on","exit_cancel":"on","exit_fill":"on","protection_trigger":"on","protection_trigger_global":"on","strategy_msg":"on","show_candle":"off"},"reload":true,"balance_dust_level":0.01},"api_server":{"enabled":true,"listen_ip_address":"127.0.0.1","listen_port":8080,"verbosity":"error","enable_openapi":false,"jwt_secret_key":"freqtrade_btc_bot_secret_2025","ws_token":"freqtrade_ws_token_2025","CORS_origins":[],"username":"freqtrader","password":"REDACTED"},"bot_name":"freqtrade_btc","initial_state":"running","force_entry_enable":false,"internals":{"process_throttle_secs":5},"config_files":["config.json"]}