{"strategy":{"BollingerMeanReversionFixed":{"trades":[{"pair":"BTC/USDT","stake_amount":99.0604087,"max_stake_amount":99.0604087,"amount":0.00089,"open_date":"2025-09-09 15:30:00+00:00","close_date":"2025-09-09 19:15:00+00:00","open_rate":111303.83,"close_rate":111250.17,"fee_open":0.001,"fee_close":0.001,"trade_duration":225,"profit_ratio":-0.002479142559048165,"profit_abs":-0.24583046,"exit_reason":"exit_signal","initial_stop_loss_abs":109968.18404000001,"initial_stop_loss_ratio":-0.012,"stop_loss_abs":109968.18404000001,"stop_loss_ratio":-0.012,"min_rate":110766.66,"max_rate":111303.84,"is_open":false,"enter_tag":"","leverage":1.0,"is_short":false,"open_timestamp":1757431800000,"close_timestamp":1757445300000,"orders":[{"amount":0.00089,"safe_price":111303.83,"ft_order_side":"buy","order_filled_timestamp":1757431800000,"ft_is_entry":true,"ft_order_tag":"","cost":99.15946910869998},{"amount":0.00089,"safe_price":111250.17,"ft_order_side":"sell","order_filled_timestamp":1757445300000,"ft_is_entry":false,"ft_order_tag":"exit_signal","cost":99.11166395129997}],"funding_fees":0.0},{"pair":"BTC/USDT","stake_amount":99.8214336,"max_stake_amount":99.8214336,"amount":0.00087,"open_date":"2025-09-15 09:00:00+00:00","close_date":"2025-09-15 13:30:00+00:00","open_rate":114737.28,"close_rate":115042.45,"fee_open":0.001,"fee_close":0.001,"trade_duration":270,"profit_ratio":0.0006564121915596891,"profit_abs":0.06558953,"exit_reason":"exit_signal","initial_stop_loss_abs":113360.43264,"initial_stop_loss_ratio":-0.012,"stop_loss_abs":113360.43264,"stop_loss_ratio":-0.012,"min_rate":114384.0,"max_rate":115195.86,"is_open":false,"enter_tag":"","leverage":1.0,"is_short":false,"open_timestamp":1757926800000,"close_timestamp":1757943000000,"orders":[{"amount":0.00087,"safe_price":114737.28,"ft_order_side":"buy","order_filled_timestamp":1757926800000,"ft_is_entry":true,"ft_order_tag":"","cost":99.92125503359999},{"amount":0.00087,"safe_price":115042.45,"ft_order_side":"sell","order_filled_timestamp":1757943000000,"ft_is_entry":false,"ft_order_tag":"exit_signal","cost":100.18701843149998}],"funding_fees":0.0},{"pair":"BTC/USDT","stake_amount":99.2565992,"max_stake_amount":99.2565992,"amount":0.00088,"open_date":"2025-09-22 06:30:00+00:00","close_date":"2025-09-22 11:00:00+00:00","open_rate":112791.59,"close_rate":112792.16,"fee_open":0.001,"fee_close":0.001,"trade_duration":270,"profit_ratio":-0.0019929585267745675,"profit_abs":-0.1980121,"exit_reason":"exit_signal","initial_stop_loss_abs":111438.09092,"initial_stop_loss_ratio":-0.012,"stop_loss_abs":111438.09092,"stop_loss_ratio":-0.012,"min_rate":112173.52,"max_rate":113029.93,"is_open":false,"enter_tag":"","leverage":1.0,"is_short":false,"open_timestamp":1758522600000,"close_timestamp":1758538800000,"orders":[{"amount":0.00088,"safe_price":112791.59,"ft_order_side":"buy","order_filled_timestamp":1758522600000,"ft_is_entry":true,"ft_order_tag":"","cost":99.35585579919999},{"amount":0.00088,"safe_price":112792.16,"ft_order_side":"sell","order_filled_timestamp":1758538800000,"ft_is_entry":false,"ft_order_tag":"exit_signal","cost":99.35635790079999}],"funding_fees":0.0},{"pair":"BTC/USDT","stake_amount":99.5900922,"max_stake_amount":99.5900922,"amount":0.00089,"open_date":"2025-09-25 04:45:00+00:00","close_date":"2025-09-25 08:15:00+00:00","open_rate":111898.98,"close_rate":111980.86,"fee_open":0.001,"fee_close":0.001,"trade_duration":210,"profit_ratio":-0.0012677325987414478,"profit_abs":-0.12637986,"exit_reason":"exit_signal","initial_stop_loss_abs":110556.19223999999,"initial_stop_loss_ratio":-0.012,"stop_loss_abs":110556.19223999999,"stop_loss_ratio":-0.012,"min_rate":111450.42,"max_rate":112040.0,"is_open":false,"enter_tag":"","leverage":1.0,"is_short":false,"open_timestamp":1758775500000,"close_timestamp":1758788100000,"orders":[{"amount":0.00089,"safe_price":111898.98,"ft_order_side":"buy","order_filled_timestamp":1758775500000,"ft_is_entry":true,"ft_order_tag":"","cost":99.68968229219998},{"amount":0.00089,"safe_price":111980.86,"ft_order_side":"sell","order_filled_timestamp":1758788100000,"ft_is_entry":false,"ft_order_tag":"exit_signal","cost":99.76262836539998}],"funding_fees":0.0},{"pair":"BTC/USDT","stake_amount":98.944308,"max_stake_amount":98.944308,"amount":0.0009,"open_date":"2025-09-25 17:30:00+00:00","close_date":"2025-09-25 22:15:00+00:00","open_rate":109938.12,"close_rate":109530.19,"fee_open":0.001,"fee_close":0.001,"trade_duration":285,"profit_ratio":-0.005701130231911729,"profit_abs":-0.56465848,"exit_reason":"exit_signal","initial_stop_loss_abs":108618.86256,"initial_stop_loss_ratio":-0.012,"stop_loss_abs":108618.86256,"stop_loss_ratio":-0.012,"min_rate":108631.51,"max_rate":110000.0,"is_open":false,"enter_tag":"","leverage":1.0,"is_short":false,"open_timestamp":1758821400000,"close_timestamp":1758838500000,"orders":[{"amount":0.0009,"safe_price":109938.12,"ft_order_side":"buy","order_filled_timestamp":1758821400000,"ft_is_entry":true,"ft_order_tag":"","cost":99.04325230799998},{"amount":0.0009,"safe_price":109530.19,"ft_order_side":"sell","order_filled_timestamp":1758838500000,"ft_is_entry":false,"ft_order_tag":"exit_signal","cost":98.67574817099998}],"funding_fees":0.0},{"pair":"BTC/USDT","stake_amount":99.6466131,"max_stake_amount":99.6466131,"amount":0.00081,"open_date":"2025-10-05 10:00:00+00:00","close_date":"2025-10-05 14:15:00+00:00","open_rate":123020.51,"close_rate":123265.55,"fee_open":0.001,"fee_close":0.001,"trade_duration":255,"profit_ratio":-1.011877540975548e-05,"profit_abs":-0.00100931,"exit_reason":"exit_signal","initial_stop_loss_abs":121544.26388,"initial_stop_loss_ratio":-0.012,"stop_loss_abs":121544.26388,"stop_loss_ratio":-0.012,"min_rate":122520.24,"max_rate":123538.46,"is_open":false,"enter_tag":"","leverage":1.0,"is_short":false,"open_timestamp":1759658400000,"close_timestamp":1759673700000,"orders":[{"amount":0.00081,"safe_price":123020.51,"ft_order_side":"buy","order_filled_timestamp":1759658400000,"ft_is_entry":true,"ft_order_tag":"","cost":99.74625971309999},{"amount":0.00081,"safe_price":123265.55,"ft_order_side":"sell","order_filled_timestamp":1759673700000,"ft_is_entry":false,"ft_order_tag":"exit_signal","cost":99.94494059549999}],"funding_fees":0.0}],"locks":[],"best_pair":{"key":"BTC/USDT","trades":6,"profit_mean":-0.0017991117500543293,"profit_mean_pct":-0.18,"profit_total_abs":-1.07030068,"profit_total":-0.00010703006799999998,"profit_total_pct":-0.01,"duration_avg":"4:12:00","wins":1,"draws":0,"losses":5,"winrate":0.16666666666666666,"cagr":-0.0013462676429371045,"expectancy":-0.17838344666666667,"expectancy_ratio":-0.7852142975449479,"sortino":-3.753918177711043,"sharpe":-3.469377513382375,"calmar":-65.87921784328235,"sqn":-1.9626,"profit_factor":0.05774284294606254,"max_drawdown_account":0.00010703006799994909,"max_drawdown_abs":1.07030068},"worst_pair":{"key":"BTC/USDT","trades":6,"profit_mean":-0.0017991117500543293,"profit_mean_pct":-0.18,"profit_total_abs":-1.07030068,"profit_total":-0.00010703006799999998,"profit_total_pct":-0.01,"duration_avg":"4:12:00","wins":1,"draws":0,"losses":5,"winrate":0.16666666666666666,"cagr":-0.0013462676429371045,"expectancy":-0.17838344666666667,"expectancy_ratio":-0.7852142975449479,"sortino":-3.753918177711043,"sharpe":-3.469377513382375,"calmar":-65.87921784328235,"sqn":-1.9626,"profit_factor":0.05774284294606254,"max_drawdown_account":0.00010703006799994909,"max_drawdown_abs":1.07030068},"results_per_pair":[{"key":"BTC/USDT","trades":6,"profit_mean":-0.0017991117500543293,"profit_mean_pct":-0.18,"profit_total_abs":-1.07030068,"profit_total":-0.00010703006799999998,"profit_total_pct":-0.01,"duration_avg":"4:12:00","wins":1,"draws":0,"losses":5,"winrate":0.16666666666666666,"cagr":-0.0013462676429371045,"expectancy":-0.17838344666666667,"expectancy_ratio":-0.7852142975449479,"sortino":-3.753918177711043,"sharpe":-3.469377513382375,"calmar":-65.87921784328235,"sqn":-1.9626,"profit_factor":0.05774284294606254,"max_drawdown_account":0.00010703006799994909,"max_drawdown_abs":1.07030068},{"key":"TOTAL","trades":6,"profit_mean":-0.0017991117500543293,"profit_mean_pct":-0.18,"profit_total_abs":-1.07030068,"profit_total":-0.00010703006799999998,"profit_total_pct":-0.01,"duration_avg":"4:12:00","wins":1,"draws":0,"losses":5,"winrate":0.16666666666666666,"cagr":-0.0013462676429371045,"expectancy":-0.17838344666666667,"expectancy_ratio":-0.7852142975449479,"sortino":-3.753918177711043,"sharpe":-3.469377513382375,"calmar":-65.87921784328235,"sqn":-1.9626,"profit_factor":0.05774284294606254,"max_drawdown_account":0.00010703006799994909,"max_drawdown_abs":1.07030068}],"results_per_enter_tag":[{"key":"","trades":6,"profit_mean":-0.0017991117500543293,"profit_mean_pct":-0.18,"profit_total_abs":-1.07030068,"profit_total":-0.00010703006799999998,"profit_total_pct":-0.01,"duration_avg":"4:12:00","wins":1,"draws":0,"losses":5,"winrate":0.16666666666666666,"cagr":-0.0013462676429371045,"expectancy":-0.17838344666666667,"expectancy_ratio":-0.7852142975449479,"sortino":-3.753918177711043,"sharpe":-3.469377513382375,"calmar":-65.87921784328235,"sqn":-1.9626,"profit_factor":0.05774284294606254,"max_drawdown_account":0.00010703006799994909,"max_drawdown_abs":1.07030068},{"key":"TOTAL","trades":6,"profit_mean":-0.0017991117500543293,"profit_mean_pct":-0.18,"profit_total_abs":-1.07030068,"profit_total":-0.00010703006799999998,"profit_total_pct":-0.01,"duration_avg":"4:12:00","wins":1,"draws":0,"losses":5,"winrate":0.16666666666666666,"cagr":-0.0013462676429371045,"expectancy":-0.17838344666666667,"expectancy_ratio":-0.7852142975449479,"sortino":-3.753918177711043,"sharpe":-3.469377513382375,"calmar":-65.87921784328235,"sqn":-1.9626,"profit_factor":0.05774284294606254,"max_drawdown_account":0.00010703006799994909,"max_drawdown_abs":1.07030068}],"exit_reason_summary":[{"key":"exit_signal","trades":6,"profit_mean":-0.0017991117500543293,"profit_mean_pct":-0.18,"profit_total_abs":-1.07030068,"profit_total":-0.00010703006799999998,"profit_total_pct":-0.01,"duration_avg":"4:12:00","wins":1,"draws":0,"losses":5,"winrate":0.16666666666666666,"cagr":-0.0013462676429371045,"expectancy":-0.17838344666666667,"expectancy_ratio":-0.7852142975449479,"sortino":-3.753918177711043,"sharpe":-3.469377513382375,"calmar":-65.87921784328235,"sqn":-1.9626,"profit_factor":0.05774284294606254,"max_drawdown_account":0.00010703006799994909,"max_drawdown_abs":1.07030068},{"key":"TOTAL","trades":6,"profit_mean":-0.0017991117500543293,"profit_mean_pct":-0.18,"profit_total_abs":-1.07030068,"profit_total":-0.00010703006799999998,"profit_total_pct":-0.01,"duration_avg":"4:12:00","wins":1,"draws":0,"losses":5,"winrate":0.16666666666666666,"cagr":-0.0013462676429371045,"expectancy":-0.17838344666666667,"expectancy_ratio":-0.7852142975449479,"sortino":-3.753918177711043,"sharpe":-3.469377513382375,"calmar":-65.87921784328235,"sqn":-1.9626,"profit_factor":0.05774284294606254,"max_drawdown_account":0.00010703006799994909,"max_drawdown_abs":1.07030068}],"mix_tag_stats":[{"key":["","exit_signal"],"trades":6,"profit_mean":-0.0017991117500543293,"profit_mean_pct":-0.18,"profit_total_abs":-1.07030068,"profit_total":-0.00010703006799999998,"profit_total_pct":-0.01,"duration_avg":"4:12:00","wins":1,"draws":0,"losses":5,"winrate":0.16666666666666666,"cagr":-0.0013462676429371045,"expectancy":-0.17838344666666667,"expectancy_ratio":-0.7852142975449479,"sortino":-3.753918177711043,"sharpe":-3.469377513382375,"calmar":-65.87921784328235,"sqn":-1.9626,"profit_factor":0.05774284294606254,"max_drawdown_account":0.00010703006799994909,"max_drawdown_abs":1.07030068},{"key":"TOTAL","trades":6,"profit_mean":-0.0017991117500543293,"profit_mean_pct":-0.18,"profit_total_abs":-1.07030068,"profit_total":-0.00010703006799999998,"profit_total_pct":-0.01,"duration_avg":"4:12:00","wins":1,"draws":0,"losses":5,"winrate":0.16666666666666666,"cagr":-0.0013462676429371045,"expectancy":-0.17838344666666667,"expectancy_ratio":-0.7852142975449479,"sortino":-3.753918177711043,"sharpe":-3.469377513382375,"calmar":-65.87921784328235,"sqn":-1.9626,"profit_factor":0.05774284294606254,"max_drawdown_account":0.00010703006799994909,"max_drawdown_abs":1.07030068}],"left_open_trades":[{"key":"TOTAL","trades":0,"profit_mean":0.0,"profit_mean_pct":0.0,"profit_total_abs":0.0,"profit_total":0.0,"profit_total_pct":0.0,"duration_avg":"0:00","wins":0,"draws":0,"losses":0,"winrate":0.0,"cagr":0.0,"expectancy":0.0,"expectancy_ratio":100.0,"sortino":0,"sharpe":0,"calmar":0,"sqn":0.0,"profit_factor":0.0,"max_drawdown_account":0.0,"max_drawdown_abs":0.0}],"total_trades":6,"trade_count_long":6,"trade_count_short":0,"total_volume":1193.9541316702998,"avg_stake_amount":99.3865758,"profit_mean":-0.0017991117500543293,"profit_median":-0.0016303455627580078,"profit_total":-0.00010703006799999998,"profit_total_long":-0.00010703006799999998,"profit_total_short":0.0,"profit_total_abs":-1.07030068,"profit_total_long_abs":-1.07030068,"profit_total_short_abs":0.0,"cagr":-0.0013462676429371045,"expectancy":-0.17838344666666667,"expectancy_ratio":-0.7852142975449479,"sortino":-3.753918177711043,"sharpe":-3.469377513382375,"calmar":-65.87921784328235,"sqn":-1.9626,"profit_factor":0.05774284294606254,"backtest_start":"2025-09-06 12:30:00","backtest_start_ts":1757161800000,"backtest_end":"2025-10-06 07:00:00","backtest_end_ts":1759734000000,"backtest_days":29,"backtest_run_start_ts":1759735419,"backtest_run_end_ts":1759735419,"trades_per_day":0.21,"market_change":0.11884139226805678,"pairlist":["BTC/USDT"],"stake_amount":100,"stake_currency":"USDT","stake_currency_decimals":3,"starting_balance":10000,"dry_run_wallet":10000,"final_balance":9998.92969932,"rejected_signals":0,"timedout_entry_orders":0,"timedout_exit_orders":0,"canceled_trade_entries":0,"canceled_entry_orders":0,"replaced_entry_orders":0,"max_open_trades":1,"max_open_trades_setting":3,"timeframe":"15m","timeframe_detail":"","timerange":"20250906-","enable_protections":false,"strategy_name":"BollingerMeanReversionFixed","freqaimodel":null,"freqai_identifier":null,"stoploss":-0.012,"trailing_stop":true,"trailing_stop_positive":0.008,"trailing_stop_positive_offset":0.015,"trailing_only_offset_is_reached":true,"use_custom_stoploss":false,"minimal_roi":{"0":0.02,"15":0.015,"45":0.01},"use_exit_signal":true,"exit_profit_only":false,"exit_profit_offset":0.0,"ignore_roi_if_entry_signal":false,"trading_mode":"spot","margin_mode":"","periodic_breakdown":{"day":[{"date":"09/09/2025","date_ts":1757376000000,"profit_abs":-0.24583046,"wins":0,"draws":0,"losses":1,"trades":1,"profit_factor":0.0},{"date":"10/09/2025","date_ts":1757462400000,"profit_abs":0.0,"wins":0,"draws":0,"losses":0,"trades":0,"profit_factor":0.0},{"date":"11/09/2025","date_ts":1757548800000,"profit_abs":0.0,"wins":0,"draws":0,"losses":0,"trades":0,"profit_factor":0.0},{"date":"12/09/2025","date_ts":1757635200000,"profit_abs":0.0,"wins":0,"draws":0,"losses":0,"trades":0,"profit_factor":0.0},{"date":"13/09/2025","date_ts":1757721600000,"profit_abs":0.0,"wins":0,"draws":0,"losses":0,"trades":0,"profit_factor":0.0},{"date":"14/09/2025","date_ts":1757808000000,"profit_abs":0.0,"wins":0,"draws":0,"losses":0,"trades":0,"profit_factor":0.0},{"date":"15/09/2025","date_ts":1757894400000,"profit_abs":0.06558953,"wins":1,"draws":0,"losses":0,"trades":1,"profit_factor":0.0},{"date":"16/09/2025","date_ts":1757980800000,"profit_abs":0.0,"wins":0,"draws":0,"losses":0,"trades":0,"profit_factor":0.0},{"date":"17/09/2025","date_ts":1758067200000,"profit_abs":0.0,"wins":0,"draws":0,"losses":0,"trades":0,"profit_factor":0.0},{"date":"18/09/2025","date_ts":1758153600000,"profit_abs":0.0,"wins":0,"draws":0,"losses":0,"trades":0,"profit_factor":0.0},{"date":"19/09/2025","date_ts":1758240000000,"profit_abs":0.0,"wins":0,"draws":0,"losses":0,"trades":0,"profit_factor":0.0},{"date":"20/09/2025","date_ts":1758326400000,"profit_abs":0.0,"wins":0,"draws":0,"losses":0,"trades":0,"profit_factor":0.0},{"date":"21/09/2025","date_ts":1758412800000,"profit_abs":0.0,"wins":0,"draws":0,"losses":0,"trades":0,"profit_factor":0.0},{"date":"22/09/2025","date_ts":1758499200000,"profit_abs":-0.1980121,"wins":0,"draws":0,"losses":1,"trades":1,"profit_factor":0.0},{"date":"23/09/2025","date_ts":1758585600000,"profit_abs":0.0,"wins":0,"draws":0,"losses":0,"trades":0,"profit_factor":0.0},{"date":"24/09/2025","date_ts":1758672000000,"profit_abs":0.0,"wins":0,"draws":0,"losses":0,"trades":0,"profit_factor":0.0},{"date":"25/09/2025","date_ts":1758758400000,"profit_abs":-0.69103834,"wins":0,"draws":0,"losses":2,"trades":2,"profit_factor":0.0},{"date":"26/09/2025","date_ts":1758844800000,"profit_abs":0.0,"wins":0,"draws":0,"losses":0,"trades":0,"profit_factor":0.0},{"date":"27/09/2025","date_ts":1758931200000,"profit_abs":0.0,"wins":0,"draws":0,"losses":0,"trades":0,"profit_factor":0.0},{"date":"28/09/2025","date_ts":1759017600000,"profit_abs":0.0,"wins":0,"draws":0,"losses":0,"trades":0,"profit_factor":0.0},{"date":"29/09/2025","date_ts":1759104000000,"profit_abs":0.0,"wins":0,"draws":0,"losses":0,"trades":0,"profit_factor":0.0},{"date":"30/09/2025","date_ts":1759190400000,"profit_abs":0.0,"wins":0,"draws":0,"losses":0,"trades":0,"profit_factor":0.0},{"date":"01/10/2025","date_ts":1759276800000,"profit_abs":0.0,"wins":0,"draws":0,"losses":0,"trades":0,"profit_factor":0.0},{"date":"02/10/2025","date_ts":1759363200000,"profit_abs":0.0,"wins":0,"draws":0,"losses":0,"trades":0,"profit_factor":0.0},{"date":"03/10/2025","date_ts":1759449600000,"profit_abs":0.0,"wins":0,"draws":0,"losses":0,"trades":0,"profit_factor":0.0},{"date":"04/10/2025","date_ts":1759536000000,"profit_abs":0.0,"wins":0,"draws":0,"losses":0,"trades":0,"profit_factor":0.0},{"date":"05/10/2025","date_ts":1759622400000,"profit_abs":-0.00100931,"wins":0,"draws":0,"losses":1,"trades":1,"profit_factor":0.0}],"week":[{"date":"15/09/2025","date_ts":1757894400000,"profit_abs":-0.18024093,"wins":1,"draws":0,"losses":1,"trades":2,"profit_factor":0.26680799},{"date":"22/09/2025","date_ts":1758499200000,"profit_abs":-0.1980121,"wins":0,"draws":0,"losses":1,"trades":1,"profit_factor":0.0},{"date":"29/09/2025","date_ts":1759104000000,"profit_abs":-0.69103834,"wins":0,"draws":0,"losses":2,"trades":2,"profit_factor":0.0},{"date":"06/10/2025","date_ts":1759708800000,"profit_abs":-0.00100931,"wins":0,"draws":0,"losses":1,"trades":1,"profit_factor":0.0}],"month":[{"date":"30/09/2025","date_ts":1759190400000,"profit_abs":-1.06929137,"wins":1,"draws":0,"losses":4,"trades":5,"profit_factor":0.0577942},{"date":"31/10/2025","date_ts":1761868800000,"profit_abs":-0.00100931,"wins":0,"draws":0,"losses":1,"trades":1,"profit_factor":0.0}],"year":[{"date":"31/12/2025","date_ts":1767139200000,"profit_abs":-1.07030068,"wins":1,"draws":0,"losses":5,"trades":6,"profit_factor":0.05774284}]},"backtest_best_day":0.0006564121915596891,"backtest_worst_day":-0.006968862830653177,"backtest_best_day_abs":0.06558953,"backtest_worst_day_abs":-0.69103834,"winning_days":1,"draw_days":22,"losing_days":4,"daily_profit":[["2025-09-09",-0.24583046],["2025-09-10",0.0],["2025-09-11",0.0],["2025-09-12",0.0],["2025-09-13",0.0],["2025-09-14",0.0],["2025-09-15",0.06558953],["2025-09-16",0.0],["2025-09-17",0.0],["2025-09-18",0.0],["2025-09-19",0.0],["2025-09-20",0.0],["2025-09-21",0.0],["2025-09-22",-0.1980121],["2025-09-23",0.0],["2025-09-24",0.0],["2025-09-25",-0.69103834],["2025-09-26",0.0],["2025-09-27",0.0],["2025-09-28",0.0],["2025-09-29",0.0],["2025-09-30",0.0],["2025-10-01",0.0],["2025-10-02",0.0],["2025-10-03",0.0],["2025-10-04",0.0],["2025-10-05",-0.00100931]],"wins":1,"losses":5,"draws":0,"winrate":0.16666666666666666,"holding_avg":"4:12:00","holding_avg_s":15120.0,"winner_holding_min":"0d 04:30","winner_holding_min_s":16200.0,"winner_holding_max":"0d 04:30","winner_holding_max_s":16200.0,"winner_holding_avg":"0d 04:30","winner_holding_avg_s":16200.0,"loser_holding_min":"0d 03:30","loser_holding_min_s":12600.0,"loser_holding_max":"0d 04:45","loser_holding_max_s":17100.0,"loser_holding_avg":"0d 04:09","loser_holding_avg_s":14940.0,"max_consecutive_wins":1,"max_consecutive_losses":4,"max_drawdown_account":0.00010703006799994909,"max_relative_drawdown":0.00010703006799994909,"max_drawdown_abs":1.07030068,"drawdown_start":"2025-09-09 19:15:00","drawdown_start_ts":1757445300000.0,"drawdown_end":"2025-10-05 14:15:00","drawdown_end_ts":1759673700000.0,"drawdown_duration":"25 days 19:00:00","drawdown_duration_s":2228400.0,"max_drawdown_low":-1.07030068,"max_drawdown_high":-0.24583046,"csum_min":9998.92969932,"csum_max":9999.81975907}},"strategy_comparison":[{"key":"BollingerMeanReversionFixed","trades":6,"profit_mean":-0.0017991117500543293,"profit_mean_pct":-0.18,"profit_total_abs":-1.07030068,"profit_total":-0.00010703006799999998,"profit_total_pct":-0.01,"duration_avg":"4:12:00","wins":1,"draws":0,"losses":5,"winrate":0.16666666666666666,"cagr":-0.0013462676429371045,"expectancy":-0.17838344666666667,"expectancy_ratio":-0.7852142975449479,"sortino":-3.753918177711043,"sharpe":-3.469377513382375,"calmar":-65.87921784328235,"sqn":-1.9626,"profit_factor":0.05774284294606254,"max_drawdown_account":0.00010703006799994909,"max_drawdown_abs":"1.07"}]}