{"strategy":{"MomentumStrategy":{"trades":[{"pair":"BTC/USDT","stake_amount":99.354447,"max_stake_amount":99.354447,"amount":0.0009,"open_date":"2025-09-07 01:15:00+00:00","close_date":"2025-09-07 18:00:00+00:00","open_rate":110393.83,"close_rate":110962.84,"fee_open":0.001,"fee_close":0.001,"trade_duration":1005,"profit_ratio":0.003146063754704654,"profit_abs":0.312888,"exit_reason":"exit_signal","initial_stop_loss_abs":108737.92255,"initial_stop_loss_ratio":-0.015,"stop_loss_abs":108737.92255,"stop_loss_ratio":-0.015,"min_rate":110349.37,"max_rate":111412.0,"is_open":false,"enter_tag":"","leverage":1.0,"is_short":false,"open_timestamp":1757207700000,"close_timestamp":1757268000000,"orders":[{"amount":0.0009,"safe_price":110393.83,"ft_order_side":"buy","order_filled_timestamp":1757207700000,"ft_is_entry":true,"ft_order_tag":"","cost":99.45380144699999},{"amount":0.0009,"safe_price":110962.84,"ft_order_side":"sell","order_filled_timestamp":1757268000000,"ft_is_entry":false,"ft_order_tag":"exit_signal","cost":99.96642255599998}],"funding_fees":0.0},{"pair":"BTC/USDT","stake_amount":99.026829,"max_stake_amount":99.026829,"amount":0.00089,"open_date":"2025-09-08 07:15:00+00:00","close_date":"2025-09-08 14:30:00+00:00","open_rate":111266.1,"close_rate":112602.62972972974,"fee_open":0.001,"fee_close":0.001,"trade_duration":435,"profit_ratio":0.00999000999000999,"profit_abs":0.99026829,"exit_reason":"roi","initial_stop_loss_abs":109597.1085,"initial_stop_loss_ratio":-0.015,"stop_loss_abs":109597.1085,"stop_loss_ratio":-0.015,"min_rate":111220.0,"max_rate":112779.5,"is_open":false,"enter_tag":"","leverage":1.0,"is_short":false,"open_timestamp":1757315700000,"close_timestamp":1757341800000,"orders":[{"amount":0.00089,"safe_price":111266.1,"ft_order_side":"buy","order_filled_timestamp":1757315700000,"ft_is_entry":true,"ft_order_tag":"","cost":99.125855829},{"amount":0.00089,"safe_price":112602.62972972974,"ft_order_side":"sell","order_filled_timestamp":1757341800000,"ft_is_entry":false,"ft_order_tag":"roi","cost":100.31655679991891}],"funding_fees":0.0},{"pair":"BTC/USDT","stake_amount":99.5111307,"max_stake_amount":99.5111307,"amount":0.00087,"open_date":"2025-09-11 12:30:00+00:00","close_date":"2025-09-11 13:00:00+00:00","open_rate":114380.61,"close_rate":113975.99,"fee_open":0.001,"fee_close":0.001,"trade_duration":30,"profit_ratio":-0.005528421761762782,"profit_abs":-0.55068964,"exit_reason":"exit_signal","initial_stop_loss_abs":112664.90085,"initial_stop_loss_ratio":-0.015,"stop_loss_abs":112664.90085,"stop_loss_ratio":-0.015,"min_rate":113463.0,"max_rate":114500.0,"is_open":false,"enter_tag":"","leverage":1.0,"is_short":false,"open_timestamp":1757593800000,"close_timestamp":1757595600000,"orders":[{"amount":0.00087,"safe_price":114380.61,"ft_order_side":"buy","order_filled_timestamp":1757593800000,"ft_is_entry":true,"ft_order_tag":"","cost":99.61064183069999},{"amount":0.00087,"safe_price":113975.99,"ft_order_side":"sell","order_filled_timestamp":1757595600000,"ft_is_entry":false,"ft_order_tag":"exit_signal","cost":99.25827041129999}],"funding_fees":0.0},{"pair":"BTC/USDT","stake_amount":99.7281522,"max_stake_amount":99.7281522,"amount":0.00087,"open_date":"2025-09-11 14:00:00+00:00","close_date":"2025-09-12 00:30:00+00:00","open_rate":114630.06,"close_rate":116006.99765765764,"fee_open":0.001,"fee_close":0.001,"trade_duration":630,"profit_ratio":0.009990009969975507,"profit_abs":0.99728152,"exit_reason":"roi","initial_stop_loss_abs":112910.6091,"initial_stop_loss_ratio":-0.015,"stop_loss_abs":112910.6091,"stop_loss_ratio":-0.015,"min_rate":113927.6,"max_rate":116021.93,"is_open":false,"enter_tag":"","leverage":1.0,"is_short":false,"open_timestamp":1757599200000,"close_timestamp":1757637000000,"orders":[{"amount":0.00087,"safe_price":114630.06,"ft_order_side":"buy","order_filled_timestamp":1757599200000,"ft_is_entry":true,"ft_order_tag":"","cost":99.82788035219998},{"amount":0.00087,"safe_price":116006.99765765764,"ft_order_side":"sell","order_filled_timestamp":1757637000000,"ft_is_entry":false,"ft_order_tag":"roi","cost":101.02701405012431}],"funding_fees":0.0},{"pair":"BTC/USDT","stake_amount":99.7276984,"max_stake_amount":99.7276984,"amount":0.00086,"open_date":"2025-09-15 04:30:00+00:00","close_date":"2025-09-15 08:45:00+00:00","open_rate":115962.44,"close_rate":115255.68,"fee_open":0.001,"fee_close":0.001,"trade_duration":255,"profit_ratio":-0.008080556732023455,"profit_abs":-0.80666118,"exit_reason":"exit_signal","initial_stop_loss_abs":114223.0034,"initial_stop_loss_ratio":-0.015,"stop_loss_abs":114223.0034,"stop_loss_ratio":-0.015,"min_rate":114709.18,"max_rate":116757.99,"is_open":false,"enter_tag":"","leverage":1.0,"is_short":false,"open_timestamp":1757910600000,"close_timestamp":1757925900000,"orders":[{"amount":0.00086,"safe_price":115962.44,"ft_order_side":"buy","order_filled_timestamp":1757910600000,"ft_is_entry":true,"ft_order_tag":"","cost":99.82742609839998},{"amount":0.00086,"safe_price":115255.68,"ft_order_side":"sell","order_filled_timestamp":1757925900000,"ft_is_entry":false,"ft_order_tag":"exit_signal","cost":99.21900468479998}],"funding_fees":0.0},{"pair":"BTC/USDT","stake_amount":99.1646994,"max_stake_amount":99.1646994,"amount":0.00086,"open_date":"2025-09-15 19:00:00+00:00","close_date":"2025-09-16 02:00:00+00:00","open_rate":115307.79,"close_rate":115024.24,"fee_open":0.001,"fee_close":0.001,"trade_duration":420,"profit_ratio":-0.00445215944401938,"profit_abs":-0.44193855,"exit_reason":"exit_signal","initial_stop_loss_abs":113578.17314999999,"initial_stop_loss_ratio":-0.015,"stop_loss_abs":113578.17314999999,"stop_loss_ratio":-0.015,"min_rate":114945.01,"max_rate":115605.07,"is_open":false,"enter_tag":"","leverage":1.0,"is_short":false,"open_timestamp":1757962800000,"close_timestamp":1757988000000,"orders":[{"amount":0.00086,"safe_price":115307.79,"ft_order_side":"buy","order_filled_timestamp":1757962800000,"ft_is_entry":true,"ft_order_tag":"","cost":99.26386409939998},{"amount":0.00086,"safe_price":115024.24,"ft_order_side":"sell","order_filled_timestamp":1757988000000,"ft_is_entry":false,"ft_order_tag":"exit_signal","cost":99.0197672464}],"funding_fees":0.0},{"pair":"BTC/USDT","stake_amount":99.1642436,"max_stake_amount":99.1642436,"amount":0.00086,"open_date":"2025-09-16 04:00:00+00:00","close_date":"2025-09-16 04:15:00+00:00","open_rate":115307.26,"close_rate":115110.21,"fee_open":0.001,"fee_close":0.001,"trade_duration":15,"profit_ratio":-0.003703499889699811,"profit_abs":-0.36762202,"exit_reason":"exit_signal","initial_stop_loss_abs":113577.65109999999,"initial_stop_loss_ratio":-0.015,"stop_loss_abs":113577.65109999999,"stop_loss_ratio":-0.015,"min_rate":114930.0,"max_rate":115420.0,"is_open":false,"enter_tag":"","leverage":1.0,"is_short":false,"open_timestamp":1757995200000,"close_timestamp":1757996100000,"orders":[{"amount":0.00086,"safe_price":115307.26,"ft_order_side":"buy","order_filled_timestamp":1757995200000,"ft_is_entry":true,"ft_order_tag":"","cost":99.26340784359998},{"amount":0.00086,"safe_price":115110.21,"ft_order_side":"sell","order_filled_timestamp":1757996100000,"ft_is_entry":false,"ft_order_tag":"exit_signal","cost":99.0937753806}],"funding_fees":0.0},{"pair":"BTC/USDT","stake_amount":99.1666,"max_stake_amount":99.1666,"amount":0.00086,"open_date":"2025-09-16 04:30:00+00:00","close_date":"2025-09-16 10:45:00+00:00","open_rate":115310.0,"close_rate":115435.3,"fee_open":0.001,"fee_close":0.001,"trade_duration":375,"profit_ratio":-0.0009135370944689808,"profit_abs":-0.09068296,"exit_reason":"exit_signal","initial_stop_loss_abs":113580.34999999999,"initial_stop_loss_ratio":-0.015,"stop_loss_abs":113580.34999999999,"stop_loss_ratio":-0.015,"min_rate":115228.69,"max_rate":116009.62,"is_open":false,"enter_tag":"","leverage":1.0,"is_short":false,"open_timestamp":1757997000000,"close_timestamp":1758019500000,"orders":[{"amount":0.00086,"safe_price":115310.0,"ft_order_side":"buy","order_filled_timestamp":1757997000000,"ft_is_entry":true,"ft_order_tag":"","cost":99.26576659999999},{"amount":0.00086,"safe_price":115435.3,"ft_order_side":"sell","order_filled_timestamp":1758019500000,"ft_is_entry":false,"ft_order_tag":"exit_signal","cost":99.373632358}],"funding_fees":0.0},{"pair":"BTC/USDT","stake_amount":99.553944,"max_stake_amount":99.553944,"amount":0.00086,"open_date":"2025-09-16 16:15:00+00:00","close_date":"2025-09-17 04:00:00+00:00","open_rate":115760.4,"close_rate":116372.05,"fee_open":0.001,"fee_close":0.001,"trade_duration":705,"profit_ratio":0.0032751995337224507,"profit_abs":0.32638509,"exit_reason":"exit_signal","initial_stop_loss_abs":114023.99399999999,"initial_stop_loss_ratio":-0.015,"stop_loss_abs":114023.99399999999,"stop_loss_ratio":-0.015,"min_rate":115608.28,"max_rate":117077.16,"is_open":false,"enter_tag":"","leverage":1.0,"is_short":false,"open_timestamp":1758039300000,"close_timestamp":1758081600000,"orders":[{"amount":0.00086,"safe_price":115760.4,"ft_order_side":"buy","order_filled_timestamp":1758039300000,"ft_is_entry":true,"ft_order_tag":"","cost":99.65349794399998},{"amount":0.00086,"safe_price":116372.05,"ft_order_side":"sell","order_filled_timestamp":1758081600000,"ft_is_entry":false,"ft_order_tag":"exit_signal","cost":100.18004296299999}],"funding_fees":0.0},{"pair":"BTC/USDT","stake_amount":99.5420635,"max_stake_amount":99.5420635,"amount":0.00085,"open_date":"2025-09-17 06:00:00+00:00","close_date":"2025-09-17 10:00:00+00:00","open_rate":117108.31,"close_rate":116550.01,"fee_open":0.001,"fee_close":0.001,"trade_duration":240,"profit_ratio":-0.006755858320357986,"profit_abs":-0.67316457,"exit_reason":"exit_signal","initial_stop_loss_abs":115351.68535,"initial_stop_loss_ratio":-0.015,"stop_loss_abs":115351.68535,"stop_loss_ratio":-0.015,"min_rate":116478.66,"max_rate":117286.73,"is_open":false,"enter_tag":"","leverage":1.0,"is_short":false,"open_timestamp":1758088800000,"close_timestamp":1758103200000,"orders":[{"amount":0.00085,"safe_price":117108.31,"ft_order_side":"buy","order_filled_timestamp":1758088800000,"ft_is_entry":true,"ft_order_tag":"","cost":99.6416055635},{"amount":0.00085,"safe_price":116550.01,"ft_order_side":"sell","order_filled_timestamp":1758103200000,"ft_is_entry":false,"ft_order_tag":"exit_signal","cost":99.16657600849997}],"funding_fees":0.0},{"pair":"BTC/USDT","stake_amount":99.429244,"max_stake_amount":99.429244,"amount":0.00086,"open_date":"2025-09-20 01:15:00+00:00","close_date":"2025-09-20 02:30:00+00:00","open_rate":115615.4,"close_rate":115533.82,"fee_open":0.001,"fee_close":0.001,"trade_duration":75,"profit_ratio":-0.0027022075270777633,"profit_abs":-0.26894713,"exit_reason":"exit_signal","initial_stop_loss_abs":113881.169,"initial_stop_loss_ratio":-0.015,"stop_loss_abs":113881.169,"stop_loss_ratio":-0.015,"min_rate":115444.0,"max_rate":115718.44,"is_open":false,"enter_tag":"","leverage":1.0,"is_short":false,"open_timestamp":1758330900000,"close_timestamp":1758335400000,"orders":[{"amount":0.00086,"safe_price":115615.4,"ft_order_side":"buy","order_filled_timestamp":1758330900000,"ft_is_entry":true,"ft_order_tag":"","cost":99.52867324399999},{"amount":0.00086,"safe_price":115533.82,"ft_order_side":"sell","order_filled_timestamp":1758335400000,"ft_is_entry":false,"ft_order_tag":"exit_signal","cost":99.4584442852}],"funding_fees":0.0},{"pair":"BTC/USDT","stake_amount":99.5434606,"max_stake_amount":99.5434606,"amount":0.00086,"open_date":"2025-09-21 06:45:00+00:00","close_date":"2025-09-21 09:00:00+00:00","open_rate":115748.21,"close_rate":115629.6,"fee_open":0.001,"fee_close":0.001,"trade_duration":135,"profit_ratio":-0.00302067890101895,"profit_abs":-0.30098952,"exit_reason":"exit_signal","initial_stop_loss_abs":114011.98685,"initial_stop_loss_ratio":-0.015,"stop_loss_abs":114011.98685,"stop_loss_ratio":-0.015,"min_rate":115560.94,"max_rate":115819.06,"is_open":false,"enter_tag":"","leverage":1.0,"is_short":false,"open_timestamp":1758437100000,"close_timestamp":1758445200000,"orders":[{"amount":0.00086,"safe_price":115748.21,"ft_order_side":"buy","order_filled_timestamp":1758437100000,"ft_is_entry":true,"ft_order_tag":"","cost":99.64300406059999},{"amount":0.00086,"safe_price":115629.6,"ft_order_side":"sell","order_filled_timestamp":1758445200000,"ft_is_entry":false,"ft_order_tag":"exit_signal","cost":99.540897456}],"funding_fees":0.0},{"pair":"BTC/USDT","stake_amount":99.7994452,"max_stake_amount":99.7994452,"amount":0.00091,"open_date":"2025-09-26 14:00:00+00:00","close_date":"2025-09-26 14:45:00+00:00","open_rate":109669.72,"close_rate":108905.97,"fee_open":0.001,"fee_close":0.001,"trade_duration":45,"profit_ratio":-0.00894817957007397,"profit_abs":-0.89391638,"exit_reason":"exit_signal","initial_stop_loss_abs":108024.6742,"initial_stop_loss_ratio":-0.015,"stop_loss_abs":108024.6742,"stop_loss_ratio":-0.015,"min_rate":108764.76,"max_rate":109779.73,"is_open":false,"enter_tag":"","leverage":1.0,"is_short":false,"open_timestamp":1758895200000,"close_timestamp":1758897900000,"orders":[{"amount":0.00091,"safe_price":109669.72,"ft_order_side":"buy","order_filled_timestamp":1758895200000,"ft_is_entry":true,"ft_order_tag":"","cost":99.8992446452},{"amount":0.00091,"safe_price":108905.97,"ft_order_side":"sell","order_filled_timestamp":1758897900000,"ft_is_entry":false,"ft_order_tag":"exit_signal","cost":99.20353713269999}],"funding_fees":0.0},{"pair":"BTC/USDT","stake_amount":99.7687509,"max_stake_amount":99.7687509,"amount":0.00091,"open_date":"2025-09-27 03:45:00+00:00","close_date":"2025-09-27 07:45:00+00:00","open_rate":109635.99,"close_rate":109385.52,"fee_open":0.001,"fee_close":0.001,"trade_duration":240,"profit_ratio":-0.004277997425950128,"profit_abs":-0.42723727,"exit_reason":"exit_signal","initial_stop_loss_abs":107991.45015,"initial_stop_loss_ratio":-0.015,"stop_loss_abs":107991.45015,"stop_loss_ratio":-0.015,"min_rate":109332.02,"max_rate":109742.27,"is_open":false,"enter_tag":"","leverage":1.0,"is_short":false,"open_timestamp":1758944700000,"close_timestamp":1758959100000,"orders":[{"amount":0.00091,"safe_price":109635.99,"ft_order_side":"buy","order_filled_timestamp":1758944700000,"ft_is_entry":true,"ft_order_tag":"","cost":99.86851965089998},{"amount":0.00091,"safe_price":109385.52,"ft_order_side":"sell","order_filled_timestamp":1758959100000,"ft_is_entry":false,"ft_order_tag":"exit_signal","cost":99.6403640232}],"funding_fees":0.0},{"pair":"BTC/USDT","stake_amount":99.5380568,"max_stake_amount":99.5380568,"amount":0.00091,"open_date":"2025-09-27 18:00:00+00:00","close_date":"2025-09-28 02:15:00+00:00","open_rate":109382.48,"close_rate":109378.27,"fee_open":0.001,"fee_close":0.001,"trade_duration":495,"profit_ratio":-0.002036413868596632,"profit_abs":-0.20290338,"exit_reason":"exit_signal","initial_stop_loss_abs":107741.74279999999,"initial_stop_loss_ratio":-0.015,"stop_loss_abs":107741.74279999999,"stop_loss_ratio":-0.015,"min_rate":109325.05,"max_rate":109787.75,"is_open":false,"enter_tag":"","leverage":1.0,"is_short":false,"open_timestamp":1758996000000,"close_timestamp":1759025700000,"orders":[{"amount":0.00091,"safe_price":109382.48,"ft_order_side":"buy","order_filled_timestamp":1758996000000,"ft_is_entry":true,"ft_order_tag":"","cost":99.63759485679998},{"amount":0.00091,"safe_price":109378.27,"ft_order_side":"sell","order_filled_timestamp":1759025700000,"ft_is_entry":false,"ft_order_tag":"exit_signal","cost":99.63375992569999}],"funding_fees":0.0},{"pair":"BTC/USDT","stake_amount":99.7319869,"max_stake_amount":99.7319869,"amount":0.00091,"open_date":"2025-09-28 13:45:00+00:00","close_date":"2025-09-28 20:30:00+00:00","open_rate":109595.59,"close_rate":110912.05354354353,"fee_open":0.001,"fee_close":0.001,"trade_duration":405,"profit_ratio":0.009990010000026845,"profit_abs":0.99731987,"exit_reason":"roi","initial_stop_loss_abs":107951.65615,"initial_stop_loss_ratio":-0.015,"stop_loss_abs":107951.65615,"stop_loss_ratio":-0.015,"min_rate":109502.56,"max_rate":110945.0,"is_open":false,"enter_tag":"","leverage":1.0,"is_short":false,"open_timestamp":1759067100000,"close_timestamp":1759091400000,"orders":[{"amount":0.00091,"safe_price":109595.59,"ft_order_side":"buy","order_filled_timestamp":1759067100000,"ft_is_entry":true,"ft_order_tag":"","cost":99.83171888689998},{"amount":0.00091,"safe_price":110912.05354354353,"ft_order_side":"sell","order_filled_timestamp":1759091400000,"ft_is_entry":false,"ft_order_tag":"roi","cost":101.03089869334923}],"funding_fees":0.0},{"pair":"BTC/USDT","stake_amount":98.9351982,"max_stake_amount":98.9351982,"amount":0.00081,"open_date":"2025-10-04 21:15:00+00:00","close_date":"2025-10-05 02:30:00+00:00","open_rate":122142.22,"close_rate":123609.39381381379,"fee_open":0.001,"fee_close":0.001,"trade_duration":315,"profit_ratio":0.009990009969814933,"profit_abs":0.98935198,"exit_reason":"roi","initial_stop_loss_abs":120310.0867,"initial_stop_loss_ratio":-0.015,"stop_loss_abs":120310.0867,"stop_loss_ratio":-0.015,"min_rate":122097.66,"max_rate":124362.28,"is_open":false,"enter_tag":"","leverage":1.0,"is_short":false,"open_timestamp":1759612500000,"close_timestamp":1759631400000,"orders":[{"amount":0.00081,"safe_price":122142.22,"ft_order_side":"buy","order_filled_timestamp":1759612500000,"ft_is_entry":true,"ft_order_tag":"","cost":99.0341333982},{"amount":0.00081,"safe_price":123609.39381381379,"ft_order_side":"sell","order_filled_timestamp":1759631400000,"ft_is_entry":false,"ft_order_tag":"roi","cost":100.22373259817834}],"funding_fees":0.0},{"pair":"BTC/USDT","stake_amount":98.780816,"max_stake_amount":98.780816,"amount":0.0008,"open_date":"2025-10-05 23:15:00+00:00","close_date":"2025-10-06 07:00:00+00:00","open_rate":123476.02,"close_rate":123947.91,"fee_open":0.001,"fee_close":0.001,"trade_duration":465,"profit_ratio":0.0018160759730256383,"profit_abs":0.17957286,"exit_reason":"force_exit","initial_stop_loss_abs":121623.8797,"initial_stop_loss_ratio":-0.015,"stop_loss_abs":121623.8797,"stop_loss_ratio":-0.015,"min_rate":123084.0,"max_rate":124358.46,"is_open":false,"enter_tag":"","leverage":1.0,"is_short":false,"open_timestamp":1759706100000,"close_timestamp":1759734000000,"orders":[{"amount":0.0008,"safe_price":123476.02,"ft_order_side":"buy","order_filled_timestamp":1759706100000,"ft_is_entry":true,"ft_order_tag":"","cost":98.87959681599999},{"amount":0.0008,"safe_price":123947.91,"ft_order_side":"sell","order_filled_timestamp":1759734000000,"ft_is_entry":false,"ft_order_tag":"force_exit","cost":99.257486328}],"funding_fees":0.0}],"locks":[],"best_pair":{"key":"BTC/USDT","trades":18,"profit_mean":-0.00012345174132054554,"profit_mean_pct":-0.01,"profit_total_abs":-0.2316849899999996,"profit_total":-2.316849899999996e-05,"profit_total_pct":-0.0,"duration_avg":"5:49:00","wins":7,"draws":0,"losses":11,"winrate":0.3888888888888889,"cagr":-0.0002915643867967832,"expectancy":-0.012871388333333345,"expectancy_ratio":-0.02817756075526323,"sortino":-0.6346565247759565,"sharpe":-0.24278947219672772,"calmar":-3.680588774215848,"sqn":-0.0844,"profit_factor":0.9538912642186603,"max_drawdown_account":0.0004146952257787411,"max_drawdown_abs":4.14767787},"worst_pair":{"key":"BTC/USDT","trades":18,"profit_mean":-0.00012345174132054554,"profit_mean_pct":-0.01,"profit_total_abs":-0.2316849899999996,"profit_total":-2.316849899999996e-05,"profit_total_pct":-0.0,"duration_avg":"5:49:00","wins":7,"draws":0,"losses":11,"winrate":0.3888888888888889,"cagr":-0.0002915643867967832,"expectancy":-0.012871388333333345,"expectancy_ratio":-0.02817756075526323,"sortino":-0.6346565247759565,"sharpe":-0.24278947219672772,"calmar":-3.680588774215848,"sqn":-0.0844,"profit_factor":0.9538912642186603,"max_drawdown_account":0.0004146952257787411,"max_drawdown_abs":4.14767787},"results_per_pair":[{"key":"BTC/USDT","trades":18,"profit_mean":-0.00012345174132054554,"profit_mean_pct":-0.01,"profit_total_abs":-0.2316849899999996,"profit_total":-2.316849899999996e-05,"profit_total_pct":-0.0,"duration_avg":"5:49:00","wins":7,"draws":0,"losses":11,"winrate":0.3888888888888889,"cagr":-0.0002915643867967832,"expectancy":-0.012871388333333345,"expectancy_ratio":-0.02817756075526323,"sortino":-0.6346565247759565,"sharpe":-0.24278947219672772,"calmar":-3.680588774215848,"sqn":-0.0844,"profit_factor":0.9538912642186603,"max_drawdown_account":0.0004146952257787411,"max_drawdown_abs":4.14767787},{"key":"TOTAL","trades":18,"profit_mean":-0.00012345174132054554,"profit_mean_pct":-0.01,"profit_total_abs":-0.2316849899999996,"profit_total":-2.316849899999996e-05,"profit_total_pct":-0.0,"duration_avg":"5:49:00","wins":7,"draws":0,"losses":11,"winrate":0.3888888888888889,"cagr":-0.0002915643867967832,"expectancy":-0.012871388333333345,"expectancy_ratio":-0.02817756075526323,"sortino":-0.6346565247759565,"sharpe":-0.24278947219672772,"calmar":-3.680588774215848,"sqn":-0.0844,"profit_factor":0.9538912642186603,"max_drawdown_account":0.0004146952257787411,"max_drawdown_abs":4.14767787}],"results_per_enter_tag":[{"key":"","trades":18,"profit_mean":-0.00012345174132054554,"profit_mean_pct":-0.01,"profit_total_abs":-0.2316849899999996,"profit_total":-2.316849899999996e-05,"profit_total_pct":-0.0,"duration_avg":"5:49:00","wins":7,"draws":0,"losses":11,"winrate":0.3888888888888889,"cagr":-0.0002915643867967832,"expectancy":-0.012871388333333345,"expectancy_ratio":-0.02817756075526323,"sortino":-0.6346565247759565,"sharpe":-0.24278947219672772,"calmar":-3.680588774215848,"sqn":-0.0844,"profit_factor":0.9538912642186603,"max_drawdown_account":0.0004146952257787411,"max_drawdown_abs":4.14767787},{"key":"TOTAL","trades":18,"profit_mean":-0.00012345174132054554,"profit_mean_pct":-0.01,"profit_total_abs":-0.2316849899999996,"profit_total":-2.316849899999996e-05,"profit_total_pct":-0.0,"duration_avg":"5:49:00","wins":7,"draws":0,"losses":11,"winrate":0.3888888888888889,"cagr":-0.0002915643867967832,"expectancy":-0.012871388333333345,"expectancy_ratio":-0.02817756075526323,"sortino":-0.6346565247759565,"sharpe":-0.24278947219672772,"calmar":-3.680588774215848,"sqn":-0.0844,"profit_factor":0.9538912642186603,"max_drawdown_account":0.0004146952257787411,"max_drawdown_abs":4.14767787}],"exit_reason_summary":[{"key":"roi","trades":4,"profit_mean":0.009990009982456818,"profit_mean_pct":1.0,"profit_total_abs":3.97422166,"profit_total":0.000397422166,"profit_total_pct":0.04,"duration_avg":"7:26:00","wins":4,"draws":0,"losses":0,"winrate":1.0,"cagr":0.0050135700020796925,"expectancy":0.993555415,"expectancy_ratio":100.0,"sortino":-100,"sharpe":696.4576681273488,"calmar":-100,"sqn":457.7696,"profit_factor":0.0,"max_drawdown_account":0.0,"max_drawdown_abs":0.0},{"key":"force_exit","trades":1,"profit_mean":0.0018160759730256383,"profit_mean_pct":0.18,"profit_total_abs":0.17957286,"profit_total":1.7957286e-05,"profit_total_pct":0.0,"duration_avg":"7:45:00","wins":1,"draws":0,"losses":0,"winrate":1.0,"cagr":0.00022603763027650992,"expectancy":0.17957286,"expectancy_ratio":100.0,"sortino":-100,"sharpe":-100,"calmar":-100,"sqn":-100.0,"profit_factor":0.0,"max_drawdown_account":0.0,"max_drawdown_abs":0.0},{"key":"exit_signal","trades":13,"profit_mean":-0.003384480557432518,"profit_mean_pct":-0.34,"profit_total_abs":-4.38547951,"profit_total":-0.00043854795099999995,"profit_total_pct":-0.04,"duration_avg":"5:10:00","wins":2,"draws":0,"losses":11,"winrate":0.15384615384615385,"cagr":-0.005505653943128519,"expectancy":-0.3373445776923077,"expectancy_ratio":-0.7385021014995613,"sortino":-12.01317869272742,"sharpe":-8.093559692396655,"calmar":-61.49391231741593,"sqn":-3.2737,"profit_factor":0.12722478913688207,"max_drawdown_account":0.00046982205083181847,"max_drawdown_abs":4.69836751},{"key":"TOTAL","trades":18,"profit_mean":-0.00012345174132054554,"profit_mean_pct":-0.01,"profit_total_abs":-0.2316849899999996,"profit_total":-2.316849899999996e-05,"profit_total_pct":-0.0,"duration_avg":"5:49:00","wins":7,"draws":0,"losses":11,"winrate":0.3888888888888889,"cagr":-0.0002915643867967832,"expectancy":-0.012871388333333345,"expectancy_ratio":-0.02817756075526323,"sortino":-0.6346565247759565,"sharpe":-0.24278947219672772,"calmar":-3.680588774215848,"sqn":-0.0844,"profit_factor":0.9538912642186603,"max_drawdown_account":0.0004146952257787411,"max_drawdown_abs":4.14767787}],"mix_tag_stats":[{"key":["","roi"],"trades":4,"profit_mean":0.009990009982456818,"profit_mean_pct":1.0,"profit_total_abs":3.97422166,"profit_total":0.000397422166,"profit_total_pct":0.04,"duration_avg":"7:26:00","wins":4,"draws":0,"losses":0,"winrate":1.0,"cagr":0.0050135700020796925,"expectancy":0.993555415,"expectancy_ratio":100.0,"sortino":-100,"sharpe":696.4576681273488,"calmar":-100,"sqn":457.7696,"profit_factor":0.0,"max_drawdown_account":0.0,"max_drawdown_abs":0.0},{"key":["","force_exit"],"trades":1,"profit_mean":0.0018160759730256383,"profit_mean_pct":0.18,"profit_total_abs":0.17957286,"profit_total":1.7957286e-05,"profit_total_pct":0.0,"duration_avg":"7:45:00","wins":1,"draws":0,"losses":0,"winrate":1.0,"cagr":0.00022603763027650992,"expectancy":0.17957286,"expectancy_ratio":100.0,"sortino":-100,"sharpe":-100,"calmar":-100,"sqn":-100.0,"profit_factor":0.0,"max_drawdown_account":0.0,"max_drawdown_abs":0.0},{"key":["","exit_signal"],"trades":13,"profit_mean":-0.003384480557432518,"profit_mean_pct":-0.34,"profit_total_abs":-4.38547951,"profit_total":-0.00043854795099999995,"profit_total_pct":-0.04,"duration_avg":"5:10:00","wins":2,"draws":0,"losses":11,"winrate":0.15384615384615385,"cagr":-0.005505653943128519,"expectancy":-0.3373445776923077,"expectancy_ratio":-0.7385021014995613,"sortino":-12.01317869272742,"sharpe":-8.093559692396655,"calmar":-61.49391231741593,"sqn":-3.2737,"profit_factor":0.12722478913688207,"max_drawdown_account":0.00046982205083181847,"max_drawdown_abs":4.69836751},{"key":"TOTAL","trades":18,"profit_mean":-0.00012345174132054554,"profit_mean_pct":-0.01,"profit_total_abs":-0.2316849899999996,"profit_total":-2.316849899999996e-05,"profit_total_pct":-0.0,"duration_avg":"5:49:00","wins":7,"draws":0,"losses":11,"winrate":0.3888888888888889,"cagr":-0.0002915643867967832,"expectancy":-0.012871388333333345,"expectancy_ratio":-0.02817756075526323,"sortino":-0.6346565247759565,"sharpe":-0.24278947219672772,"calmar":-3.680588774215848,"sqn":-0.0844,"profit_factor":0.9538912642186603,"max_drawdown_account":0.0004146952257787411,"max_drawdown_abs":4.14767787}],"left_open_trades":[{"key":"BTC/USDT","trades":1,"profit_mean":0.0018160759730256383,"profit_mean_pct":0.18,"profit_total_abs":0.17957286,"profit_total":1.7957286e-05,"profit_total_pct":0.0,"duration_avg":"7:45:00","wins":1,"draws":0,"losses":0,"winrate":1.0,"cagr":0.00022603763027650992,"expectancy":0.17957286,"expectancy_ratio":100.0,"sortino":-100,"sharpe":-100,"calmar":-100,"sqn":-100.0,"profit_factor":0.0,"max_drawdown_account":0.0,"max_drawdown_abs":0.0},{"key":"TOTAL","trades":1,"profit_mean":0.0018160759730256383,"profit_mean_pct":0.18,"profit_total_abs":0.17957286,"profit_total":1.7957286e-05,"profit_total_pct":0.0,"duration_avg":"7:45:00","wins":1,"draws":0,"losses":0,"winrate":1.0,"cagr":0.00022603763027650992,"expectancy":0.17957286,"expectancy_ratio":100.0,"sortino":-100,"sharpe":-100,"calmar":-100,"sqn":-100.0,"profit_factor":0.0,"max_drawdown_account":0.0,"max_drawdown_abs":0.0}],"total_trades":18,"trade_count_long":18,"trade_count_short":0,"total_volume":3585.8664160673707,"avg_stake_amount":99.41482035555556,"profit_mean":-0.00012345174132054554,"profit_median":-0.0023693106978371977,"profit_total":-2.316849899999996e-05,"profit_total_long":-2.316849899999996e-05,"profit_total_short":0.0,"profit_total_abs":-0.2316849899999996,"profit_total_long_abs":-0.2316849899999996,"profit_total_short_abs":0.0,"cagr":-0.0002915643867967832,"expectancy":-0.012871388333333345,"expectancy_ratio":-0.02817756075526323,"sortino":-0.6346565247759565,"sharpe":-0.24278947219672772,"calmar":-3.680588774215848,"sqn":-0.0844,"profit_factor":0.9538912642186603,"backtest_start":"2025-09-06 12:30:00","backtest_start_ts":1757161800000,"backtest_end":"2025-10-06 07:00:00","backtest_end_ts":1759734000000,"backtest_days":29,"backtest_run_start_ts":1759734997,"backtest_run_end_ts":1759734997,"trades_per_day":0.62,"market_change":0.11884139226805678,"pairlist":["BTC/USDT"],"stake_amount":100,"stake_currency":"USDT","stake_currency_decimals":3,"starting_balance":10000,"dry_run_wallet":10000,"final_balance":9999.76831501,"rejected_signals":0,"timedout_entry_orders":0,"timedout_exit_orders":0,"canceled_trade_entries":0,"canceled_entry_orders":0,"replaced_entry_orders":0,"max_open_trades":1,"max_open_trades_setting":3,"timeframe":"15m","timeframe_detail":"","timerange":"20250906-","enable_protections":false,"strategy_name":"MomentumStrategy","freqaimodel":null,"freqai_identifier":null,"stoploss":-0.015,"trailing_stop":true,"trailing_stop_positive":0.01,"trailing_stop_positive_offset":0.02,"trailing_only_offset_is_reached":true,"use_custom_stoploss":false,"minimal_roi":{"0":0.025,"30":0.015,"60":0.01},"use_exit_signal":true,"exit_profit_only":false,"exit_profit_offset":0.0,"ignore_roi_if_entry_signal":false,"trading_mode":"spot","margin_mode":"","periodic_breakdown":{"day":[{"date":"07/09/2025","date_ts":1757203200000,"profit_abs":0.312888,"wins":1,"draws":0,"losses":0,"trades":1,"profit_factor":0.0},{"date":"08/09/2025","date_ts":1757289600000,"profit_abs":0.99026829,"wins":1,"draws":0,"losses":0,"trades":1,"profit_factor":0.0},{"date":"09/09/2025","date_ts":1757376000000,"profit_abs":0.0,"wins":0,"draws":0,"losses":0,"trades":0,"profit_factor":0.0},{"date":"10/09/2025","date_ts":1757462400000,"profit_abs":0.0,"wins":0,"draws":0,"losses":0,"trades":0,"profit_factor":0.0},{"date":"11/09/2025","date_ts":1757548800000,"profit_abs":-0.55068964,"wins":0,"draws":0,"losses":1,"trades":1,"profit_factor":0.0},{"date":"12/09/2025","date_ts":1757635200000,"profit_abs":0.99728152,"wins":1,"draws":0,"losses":0,"trades":1,"profit_factor":0.0},{"date":"13/09/2025","date_ts":1757721600000,"profit_abs":0.0,"wins":0,"draws":0,"losses":0,"trades":0,"profit_factor":0.0},{"date":"14/09/2025","date_ts":1757808000000,"profit_abs":0.0,"wins":0,"draws":0,"losses":0,"trades":0,"profit_factor":0.0},{"date":"15/09/2025","date_ts":1757894400000,"profit_abs":-0.80666118,"wins":0,"draws":0,"losses":1,"trades":1,"profit_factor":0.0},{"date":"16/09/2025","date_ts":1757980800000,"profit_abs":-0.90024353,"wins":0,"draws":0,"losses":3,"trades":3,"profit_factor":0.0},{"date":"17/09/2025","date_ts":1758067200000,"profit_abs":-0.34677948,"wins":1,"draws":0,"losses":1,"trades":2,"profit_factor":0.48485185},{"date":"18/09/2025","date_ts":1758153600000,"profit_abs":0.0,"wins":0,"draws":0,"losses":0,"trades":0,"profit_factor":0.0},{"date":"19/09/2025","date_ts":1758240000000,"profit_abs":0.0,"wins":0,"draws":0,"losses":0,"trades":0,"profit_factor":0.0},{"date":"20/09/2025","date_ts":1758326400000,"profit_abs":-0.26894713,"wins":0,"draws":0,"losses":1,"trades":1,"profit_factor":0.0},{"date":"21/09/2025","date_ts":1758412800000,"profit_abs":-0.30098952,"wins":0,"draws":0,"losses":1,"trades":1,"profit_factor":0.0},{"date":"22/09/2025","date_ts":1758499200000,"profit_abs":0.0,"wins":0,"draws":0,"losses":0,"trades":0,"profit_factor":0.0},{"date":"23/09/2025","date_ts":1758585600000,"profit_abs":0.0,"wins":0,"draws":0,"losses":0,"trades":0,"profit_factor":0.0},{"date":"24/09/2025","date_ts":1758672000000,"profit_abs":0.0,"wins":0,"draws":0,"losses":0,"trades":0,"profit_factor":0.0},{"date":"25/09/2025","date_ts":1758758400000,"profit_abs":0.0,"wins":0,"draws":0,"losses":0,"trades":0,"profit_factor":0.0},{"date":"26/09/2025","date_ts":1758844800000,"profit_abs":-0.89391638,"wins":0,"draws":0,"losses":1,"trades":1,"profit_factor":0.0},{"date":"27/09/2025","date_ts":1758931200000,"profit_abs":-0.42723727,"wins":0,"draws":0,"losses":1,"trades":1,"profit_factor":0.0},{"date":"28/09/2025","date_ts":1759017600000,"profit_abs":0.79441649,"wins":1,"draws":0,"losses":1,"trades":2,"profit_factor":4.91524523},{"date":"29/09/2025","date_ts":1759104000000,"profit_abs":0.0,"wins":0,"draws":0,"losses":0,"trades":0,"profit_factor":0.0},{"date":"30/09/2025","date_ts":1759190400000,"profit_abs":0.0,"wins":0,"draws":0,"losses":0,"trades":0,"profit_factor":0.0},{"date":"01/10/2025","date_ts":1759276800000,"profit_abs":0.0,"wins":0,"draws":0,"losses":0,"trades":0,"profit_factor":0.0},{"date":"02/10/2025","date_ts":1759363200000,"profit_abs":0.0,"wins":0,"draws":0,"losses":0,"trades":0,"profit_factor":0.0},{"date":"03/10/2025","date_ts":1759449600000,"profit_abs":0.0,"wins":0,"draws":0,"losses":0,"trades":0,"profit_factor":0.0},{"date":"04/10/2025","date_ts":1759536000000,"profit_abs":0.0,"wins":0,"draws":0,"losses":0,"trades":0,"profit_factor":0.0},{"date":"05/10/2025","date_ts":1759622400000,"profit_abs":0.98935198,"wins":1,"draws":0,"losses":0,"trades":1,"profit_factor":0.0},{"date":"06/10/2025","date_ts":1759708800000,"profit_abs":0.17957286,"wins":1,"draws":0,"losses":0,"trades":1,"profit_factor":0.0}],"week":[{"date":"08/09/2025","date_ts":1757289600000,"profit_abs":1.30315629,"wins":2,"draws":0,"losses":0,"trades":2,"profit_factor":0.0},{"date":"15/09/2025","date_ts":1757894400000,"profit_abs":-0.3600693,"wins":1,"draws":0,"losses":2,"trades":3,"profit_factor":0.73472643},{"date":"22/09/2025","date_ts":1758499200000,"profit_abs":-1.81695966,"wins":1,"draws":0,"losses":6,"trades":7,"profit_factor":0.15227839},{"date":"29/09/2025","date_ts":1759104000000,"profit_abs":-0.52673716,"wins":1,"draws":0,"losses":3,"trades":4,"profit_factor":0.65438488},{"date":"06/10/2025","date_ts":1759708800000,"profit_abs":1.16892484,"wins":2,"draws":0,"losses":0,"trades":2,"profit_factor":0.0}],"month":[{"date":"30/09/2025","date_ts":1759190400000,"profit_abs":-1.40060983,"wins":5,"draws":0,"losses":11,"trades":16,"profit_factor":0.72125795},{"date":"31/10/2025","date_ts":1761868800000,"profit_abs":1.16892484,"wins":2,"draws":0,"losses":0,"trades":2,"profit_factor":0.0}],"year":[{"date":"31/12/2025","date_ts":1767139200000,"profit_abs":-0.23168499,"wins":7,"draws":0,"losses":11,"trades":18,"profit_factor":0.95389126}]},"backtest_best_day":0.00999000999000999,"backtest_worst_day":-0.009069196428188172,"backtest_best_day_abs":0.99728152,"backtest_worst_day_abs":-0.90024353,"winning_days":6,"draw_days":16,"losing_days":8,"daily_profit":[["2025-09-07",0.312888],["2025-09-08",0.99026829],["2025-09-09",0.0],["2025-09-10",0.0],["2025-09-11",-0.55068964],["2025-09-12",0.99728152],["2025-09-13",0.0],["2025-09-14",0.0],["2025-09-15",-0.80666118],["2025-09-16",-0.90024353],["2025-09-17",-0.34677948],["2025-09-18",0.0],["2025-09-19",0.0],["2025-09-20",-0.26894713],["2025-09-21",-0.30098952],["2025-09-22",0.0],["2025-09-23",0.0],["2025-09-24",0.0],["2025-09-25",0.0],["2025-09-26",-0.89391638],["2025-09-27",-0.42723727],["2025-09-28",0.79441649],["2025-09-29",0.0],["2025-09-30",0.0],["2025-10-01",0.0],["2025-10-02",0.0],["2025-10-03",0.0],["2025-10-04",0.0],["2025-10-05",0.98935198],["2025-10-06",0.17957286]],"wins":7,"losses":11,"draws":0,"winrate":0.3888888888888889,"holding_avg":"5:49:00","holding_avg_s":20940.0,"winner_holding_min":"0d 05:15","winner_holding_min_s":18900.0,"winner_holding_max":"0d 16:45","winner_holding_max_s":60300.0,"winner_holding_avg":"0d 09:26","winner_holding_avg_s":33960.0,"loser_holding_min":"0d 00:15","loser_holding_min_s":900.0,"loser_holding_max":"0d 08:15","loser_holding_max_s":29700.0,"loser_holding_avg":"0d 03:31","loser_holding_avg_s":12660.0,"max_consecutive_wins":3,"max_consecutive_losses":6,"max_drawdown_account":0.0004146952257787411,"max_relative_drawdown":0.0004146952257787411,"max_drawdown_abs":4.14767787,"drawdown_start":"2025-09-12 00:30:00","drawdown_start_ts":1757637000000.0,"drawdown_end":"2025-09-28 02:15:00","drawdown_end_ts":1759025700000.0,"drawdown_duration":"16 days 01:45:00","drawdown_duration_s":1388700.0,"max_drawdown_low":-2.3979296999999997,"max_drawdown_high":1.7497481700000002,"csum_min":9997.6020703,"csum_max":10001.74974817}},"strategy_comparison":[{"key":"MomentumStrategy","trades":18,"profit_mean":-0.00012345174132054554,"profit_mean_pct":-0.01,"profit_total_abs":-0.2316849899999996,"profit_total":-2.316849899999996e-05,"profit_total_pct":-0.0,"duration_avg":"5:49:00","wins":7,"draws":0,"losses":11,"winrate":0.3888888888888889,"cagr":-0.0002915643867967832,"expectancy":-0.012871388333333345,"expectancy_ratio":-0.02817756075526323,"sortino":-0.6346565247759565,"sharpe":-0.24278947219672772,"calmar":-3.680588774215848,"sqn":-0.0844,"profit_factor":0.9538912642186603,"max_drawdown_account":0.0004146952257787411,"max_drawdown_abs":"4.148"}]}